Id, speed,acceleration,positionY,Gap,TimeGap,positionY,positionY,
1865965,0,0,120,0,1.9,49,160,40
1865965,0,0,120,0,1.583333333,54.5,160,
1865965,0,0,120,0,1.353276353,61.01,160,
1865965,0,0,120,0,1.18159204,68.54,160,
1865965,0,0,120,0,1.048565121,77.09,160,
1865965,0,0,120,0,0.944333996,86.65,160,
1865965,0,0,120,0,0.942460317,96.72,160,
1865965,0,0,120,0,1.048565121,106.29,160,
1865965,0,0,120,0,1.18159204,114.84,160,
1865965,0,0,120,0,1.184538653,122.87,160,
1865965,0,0,120,0,1.1875,130.88,160,
1865965,0,0,120,0,1.055555556,139.38,160,
1865965,0,0,120,0,0.95,148.88,160,
1865965,0,0,120,0,0.863636364,159.38,160,
1865965,0,0,120,0,0.791666667,170.88,160,
1865965,0,0,120,0,0.730769231,183.38,160,
1865965,0,0,120,0,0.678571429,196.88,160,
1865965,0,0,120,0,0.633333333,211.38,160,
1865965,0,0,120,0,0.59375,226.88,160,
1865965,0,0,120,0,0.613298903,242.625,160,
1865965,0,0,120,0,0.634178905,257.86,160,
1865965,0,0,120,0,0.656530753,272.585,160,
1865965,0,0,120,0,0.680515759,286.8,160,
1865965,0,0,120,0,0.706319703,300.505,160,
1865965,0,0,120,0,0.728527607,313.75,160,
1865965,0,0,120,0,0.752177356,326.585,160,
1865965,0,0,120,0,0.777414075,339.01,160,
1865965,0,0,120,0,0.804403048,351.025,160,
1865965,0,0,120,0,0.833333333,362.63,160,
1865965,0,0,120,0,0.864422202,373.825,160,
1865965,0,0,120,0,0.897920605,384.61,160,
1865965,0,0,120,0,0.897920605,395.19,160,
1865965,0,0,120,0,0.897920605,405.77,160,
1865965,0,0,120,0,0.897920605,416.35,160,
1865965,0,0,120,0,0.897920605,426.93,160,
1865965,0,0,120,0,0.897920605,437.51,160,
1865965,0,0,120,0,0.925024343,447.935,160,
1865965,0,0,120,0,0.953815261,458.05,160,
1865965,0,0,120,0,0.984455959,467.855,160,
1865965,0,0,120,0,1.017130621,477.35,160,
1865965,0,0,120,0,1.052048726,486.535,160,
1865965,0,0,120,0,1.089449541,495.41,160,
1865965,0,0,120,0,1.12960761,503.975,160,
1865965,0,0,120,0,1.186017478,512.185,160,
1865965,0,0,120,0,1.248357424,519.995,160,
1865965,0,0,120,0,1.317614424,527.405,160,
1865965,0,0,120,0,1.395007342,534.415,160,
1865965,0,0,120,0,1.482059282,541.025,160,
1865965,0,0,120,0,1.607445008,547.185,160,
1865965,0,0,120,0,1.756007394,552.845,160,
1865965,0,0,120,0,1.934826884,558.005,160,
1865965,0,0,120,0,2.154195011,562.665,160,
1865965,0,0,120,0,2.429667519,566.825,160,
1865965,0,0,120,0,2.785923754,570.485,160.3747018,
1865965,0,0,120,0,3.264604811,573.645,161.6907518,
1865965,0.831357752,0,120.2990508,0.665086202,3.941908714,576.305,164.0348918,
1865965,1.844562196,0,121.4148076,1.475649757,4.97382199,578.465,167.418861,
1865965,2.882376919,0,123.524273,2.305901535,4.97382199,580.375,171.4695464,
1865965,3.923522281,0,126.6665445,3.138817825,4.97382199,582.285,175.6205167,
1865965,4.133760645,0,130.549912,3.307008516,4.97382199,584.195,179.7850591,
1865965,4.16221332,0,134.6579911,3.329770656,4.97382199,586.105,183.9514383,
1865965,4.166063972,0,138.8139886,3.332851178,4.97382199,588.015,188.118066,
1865965,4.166585101,0,142.9788405,3.333268081,4.97382199,589.925,192.2847274,
1865965,4.166655628,0,147.1452114,3.333324502,4.97382199,591.835,196.4513934,
1865965,4.166665173,0,151.3118312,3.333332138,4.97382199,593.745,200.6180599,
1865965,4.166666464,0,155.4784907,3.333333171,4.502369668,595.755,204.5349254,
1865965,4.166666639,0,159.6451562,3.333333311,4.112554113,597.965,207.8242254,
1865965,3.612428162,0,163.6124555,2.88994253,3.784860558,600.375,210.3448683,
1865965,2.936958536,0,167.0352843,2.349566829,3.505535055,602.985,211.9631017,
1865965,2.060343277,0,169.7291876,1.648274622,3.264604811,605.795,212.6585859,
1865965,1.141076662,0,171.5530626,0.91286133,3.054662379,608.805,212.7616469,
1865965,0.216058133,0,172.4626773,0.172846506,2.870090634,612.015,212.7755947,
1865965,0.029240295,0,172.7143259,0.023392236,2.706552707,615.425,212.7774823,
1865965,0.003957245,0,172.7663745,0.003165796,2.5606469,619.035,212.7777378,
1865965,5.36E-04,0,172.7758534,0.0004288,2.369077307,622.895,212.7777724,
1865965,7.25E-05,0,172.7774658,0.000058,2.204176334,627.055,212.777777,
1865965,9.81E-06,0,172.7777286,0.000007848,2.060737527,631.515,212.7777777,
1865965,1.33E-06,0,172.7777702,0.000001064,1.934826884,636.275,212.7777778,
1865965,1.80E-07,0,172.7777766,0.000000144,1.823416507,641.335,212.7777778,
1865965,2.43E-08,0,172.7777776,1.944E-08,1.724137931,646.695,212.7777778,
1865965,3.29E-09,0,172.7777778,2.632E-09,1.635111876,652.355,212.7777778,
1865965,4.45E-10,0,172.7777778,3.56E-10,1.554828151,658.315,212.7777778,
1865965,6.03E-11,0,172.7777778,4.824E-11,1.459293395,664.625,212.7777778,
1865965,8.16E-12,0,172.7777778,6.528E-12,1.374819103,671.335,212.7777778,
1865965,1.10E-12,0,172.7777778,8.8E-13,1.299589603,678.445,212.7777778,
1865965,1.49E-13,0,172.7777778,1.192E-13,1.232166018,685.955,212.7777778,
1865965,1.99E-14,0,172.7777778,1.592E-14,1.171393342,693.865,212.7777778,
1865965,2.40E-15,0,172.7777778,1.92E-15,1.116333725,702.175,212.7777778,
1865965,3.72E-17,0,172.7777778,2.976E-17,1.12960761,710.635,212.7777778,
1865965,-2.83E-16,0,172.7777778,-2.264E-16,1.143200963,718.995,212.7777778,
1865965,-3.26E-16,0,172.7777778,-2.608E-16,1.157125457,727.255,212.7777778,
1865965,-3.32E-16,0,172.7777778,-2.656E-16,1.171393342,735.415,213.0442358,
1865965,-3.33E-16,0,172.7777778,-2.664E-16,1.186017478,743.475,213.9800952,
1865965,0.591195125,0,172.9904388,0.4729561,1.201011378,751.435,215.6470349,
1865965,1.311682899,0,173.7838678,1.049346319,1.216389245,759.295,218.0534157,
1865965,2.049688856,0,175.283929,1.639751085,1.248357424,767.005,221.2003593,
1865965,2.79006749,0,177.5184347,2.232053992,1.282051282,774.515,225.0880139,
1865965,3.530745061,0,180.4926004,2.824596049,1.317614424,781.825,229.7164129,
1865965,4.27148341,0,184.2073251,3.417186728,1.355206847,788.935,235.0855512,
1865965,5.012231833,0,188.6627668,4.009785466,1.395007342,795.845,241.1954242,
1865965,5.75295945,0,193.8589451,4.60236756,1.437216339,802.555,248.046045,
1865965,6.493704572,0,199.7958588,5.194963658,1.482059282,809.065,255.6374054,
1865965,7.234453912,0,206.4735176,5.78756313,1.52979066,815.375,263.9695007,
1865965,7.975181653,0,213.8919174,6.380145322,1.607445008,821.435,272.7758856,
1865965,8.715926792,0,222.0510531,6.972741434,1.693404635,827.195,281.6536088,
1865965,8.865481009,0,230.7382731,7.092384807,1.789077213,832.655,290.5409866,
1865965,8.885720976,0,239.5854661,7.108576781,1.896207585,837.815,299.429671,
1865965,8.888460158,0,248.4667629,7.110768126,2.016985138,842.675,308.3185322,
1865965,8.888830867,0,257.3543605,7.111064694,2.154195011,847.235,317.2074173,
1865965,8.888881036,0,266.2430389,7.111104829,2.311435523,851.495,326.0963057,
1865965,8.888887826,0,275.1318945,7.111110261,2.49343832,855.455,334.9851945,
1865965,8.888888745,0,284.0207782,7.111110996,2.785923754,859.065,343.8740834,
1865965,8.888888869,0,292.9096663,7.111111095,3.156146179,862.275,352.7629723,
1865965,8.888888886,0,301.7985551,7.111111109,3.639846743,865.085,361.6518612,
1865965,8.888888889,0,310.687444,7.111111111,4.298642534,867.495,370.5407501,
1865965,8.888888889,0,319.5763328,7.111111111,5.248618785,869.505,379.429639,
1865965,8.888888889,0,328.4652217,7.111111111,5.248618785,871.315,388.3185279,
1865965,8.888888889,0,337.3541106,7.111111111,5.248618785,873.125,397.2074167,
1865965,8.888888889,0,346.2429995,7.111111111,5.248618785,874.935,406.0963056,
1865965,8.888888889,0,355.1318884,7.111111111,5.248618785,876.745,414.9851945,
1865965,8.888888889,0,364.0207773,7.111111111,5.248618785,878.555,423.8740834,
1865965,8.888888889,0,372.9096662,7.111111111,5.248618785,880.365,432.7629723,
1865965,8.888888889,0,381.7985551,7.111111111,5.248618785,882.175,441.6518612,
1865965,8.888888889,0,390.687444,7.111111111,5.248618785,883.985,450.5407501,
1865965,8.888888889,0,399.5763328,7.111111111,5.248618785,885.795,459.429639,
1865965,8.888888889,0,408.4652217,7.111111111,5.248618785,887.605,468.3185279,
1865965,8.888888889,0,417.3541106,7.111111111,5.248618785,889.415,477.2074167,
1865965,8.888888889,0,426.2429995,7.111111111,5.248618785,891.225,485.8056269,
1865965,8.888888889,0,435.1318884,7.111111111,5.248618785,893.035,493.6735769,
1865965,8.243954799,0,443.7887856,6.595163839,5.248618785,894.845,500.7439758,
1865965,7.457951319,0,451.812115,5.966361055,5.248618785,896.655,507.0077167,
1865965,6.65285617,0,459.0645651,5.322284936,5.248618785,898.465,512.4635672,
1865965,5.845177243,0,465.5158054,4.676141794,4.726368159,900.375,517.1113704,
1865965,5.03714864,0,471.1601415,4.029718912,4.298642534,902.485,520.951109,
1865965,4.229094884,0,475.9965954,3.383275907,3.941908714,904.795,523.982767,
1865965,3.421017402,0,480.0250106,2.736813922,3.639846743,907.305,526.2063421,
1865965,2.612934861,0,483.2453519,2.090347889,3.380782918,910.015,527.6218338,
1865965,1.804851634,0,485.6576116,1.443881307,3.156146179,912.925,528.2292423,
1865965,0.996768316,0,487.2617883,0.797414653,2.959501558,916.035,528.3192461,
1865965,0.188684985,0,488.0578818,0.150947988,2.785923754,919.345,528.3314268,
1865965,0.025535742,0,488.2778835,0.020428594,2.631578947,922.855,528.3330753,
1865965,0.003455888,0,488.3233698,0.00276471,2.429667519,926.615,528.3332984,
1865965,4.68E-04,0,488.3316521,0.0003744,2.256532067,930.675,528.3333286,
1865965,6.33E-05,0,488.3330607,0.00005064,2.106430155,935.035,528.3333327,
1865965,8.57E-06,0,488.3332903,0.000006856,1.975051975,939.695,528.3333332,
1865965,1.16E-06,0,488.3333267,0.000000928,1.859099804,944.655,528.3333333,
1865965,1.57E-07,0,488.3333323,1.256E-07,1.756007394,949.915,528.3333333,
1865965,2.12E-08,0,488.3333332,1.696E-08,1.663747811,955.475,528.3333333,
1865965,2.87E-09,0,488.3333333,2.296E-09,1.580698835,961.335,528.3333333,
1865965,3.89E-10,0,488.3333333,3.112E-10,1.482059282,967.545,528.3333333,
1865965,5.26E-11,0,488.3333333,4.208E-11,1.395007342,974.155,528.3333333,
1865965,7.12E-12,0,488.3333333,5.696E-12,1.317614424,981.165,528.3333333,
1865965,9.64E-13,0,488.3333333,7.712E-13,1.248357424,988.575,528.3333333,
1865965,1.30E-13,0,488.3333333,1.04E-13,1.186017478,996.385,528.3333333,
1865965,1.74E-14,0,488.3333333,1.392E-14,1.12960761,1004.595,528.3333333,
1865965,2.17E-15,0,488.3333333,1.736E-15,1.143200963,1012.955,528.3333333,
1865965,1.01E-16,0,488.3333333,8.08E-17,1.157125457,1021.215,528.3333333,
1865965,-1.78E-16,0,488.3333333,-1.424E-16,1.171393342,1029.375,528.3333333,
1865965,-2.16E-16,0,488.3333333,-1.728E-16,1.186017478,1037.435,528.3333333,
1865965,-2.21E-16,0,488.3333333,-1.768E-16,1.201011378,1045.395,528.5254904,
1865965,-2.22E-16,0,488.3333333,-1.776E-16,1.216389245,1053.255,529.2003959,
1865965,0.426342425,0,488.4866946,0.34107394,1.232166018,1061.015,530.4025234,
1865965,0.945940682,0,489.0588844,0.756752546,1.264980027,1068.625,532.137888,
1865965,1.478137578,0,490.1406665,1.182510062,1.299589603,1076.035,534.4073172,
1865965,2.012059834,0,491.7520854,1.609647867,1.336146273,1083.245,537.2109232,
1865965,2.546217442,0,493.8969145,2.036973954,1.374819103,1090.255,540.5487113,
1865965,3.080406901,0,496.5758093,2.464325521,1.415797317,1097.065,544.4206784,
1865965,3.614578501,0,499.78887,2.891662801,1.459293395,1103.675,548.8268377,
1865965,4.148768005,0,503.5361082,3.319014404,1.505546751,1110.085,553.767191,
1865965,4.682961781,0,507.8175357,3.746369425,1.554828151,1116.295,559.2417288,
1865965,5.217156135,0,512.6331565,4.173724908,1.635111876,1122.255,565.2504458,
1865965,5.751328398,0,517.9829635,4.601062718,1.724137931,1127.915,571.793355,
1865965,6.285517991,0,523.8669511,5.028414393,1.823416507,1133.275,578.8704584,
1865965,6.819711779,0,530.2851285,5.455769423,1.934826884,1138.335,586.4817561,
1865965,7.353906135,0,537.2374993,5.883124908,2.060737527,1143.095,594.6272383,
1865965,7.888100567,0,544.7240643,6.310480454,2.204176334,1147.555,603.3068998,
1865965,8.422272841,0,552.7448157,6.737818273,2.369077307,1151.715,612.5207535,
1865965,8.956462436,0,561.2997478,7.165169949,2.5606469,1155.575,622.2688013,
1865965,9.490656224,0,570.3888696,7.592524979,2.870090634,1159.085,632.5510335,
1865965,10.02485058,0,580.0121848,8.019880464,3.264604811,1162.195,643.367445,
1865965,10.55902284,0,590.1696863,8.447218272,3.784860558,1164.905,654.7180487,
1865965,11.09321244,0,600.8613684,8.874569952,4.502369668,1167.215,666.6028464,
1865965,11.62740622,0,612.0872402,9.301924976,5.555555556,1169.125,679.0218286,
1865965,12.16160058,0,623.8473054,9.729280464,6.737588652,1170.685,691.9749902,
1865965,12.69577284,0,636.1415569,10.15661827,8.558558559,1171.945,705.4623438,
1865965,13.22996244,0,648.969989,10.58396995,8.558558559,1173.055,719.2917345,
1865965,13.76415622,0,662.3326108,11.01132498,8.558558559,1174.165,733.1725712,
1865965,13.87200815,0,676.0760647,11.09760652,8.558558559,1175.275,747.0603703,
1865965,13.88660433,0,689.9348844,11.10928346,8.558558559,1176.385,760.9491117,
1865965,13.88857971,0,703.8182981,11.11086377,8.558558559,1177.495,774.8379807,
1865965,13.88884705,0,717.7062558,11.11107764,8.558558559,1178.605,788.7268669,
1865965,13.88888323,0,731.5949929,11.11110658,8.558558559,1179.715,802.6157554,
1865965,13.88888812,0,745.4838578,11.1111105,8.558558559,1180.825,816.5046442,
1865965,13.88888879,0,759.3727429,11.11111103,8.558558559,1181.935,830.3935331,
1865965,13.88888887,0,773.2616313,11.1111111,8.558558559,1183.045,844.282422,
1865965,13.88888889,0,787.1505201,11.11111111,8.558558559,1184.155,858.1713109,
1865965,13.88888889,0,801.0394089,11.11111111,8.558558559,1185.265,872.0601998,
1865965,13.88888889,0,814.9282978,11.11111111,8.558558559,1186.375,885.7617377,
1865965,13.88888889,0,828.8171867,11.11111111,8.558558559,1187.485,898.9926016,
1865965,13.47321001,0,842.5565502,10.77856801,8.558558559,1188.595,911.7094206,
1865965,12.96660779,0,855.8875607,10.37328623,8.558558559,1189.705,923.9063248,
1865965,12.44770043,0,868.7217169,9.958160344,7.251908397,1190.915,935.5825201,
1865965,11.92712775,0,881.03947,9.5417022,6.291390728,1192.325,946.7378989,
1865965,11.40632969,0,892.8371498,9.125063752,5.555555556,1193.935,957.3724466,
1865965,10.88550113,0,904.1141207,8.708400904,4.97382199,1195.745,967.4861612,
1865965,10.36466844,0,914.8702781,8.291734752,4.502369668,1197.755,977.2663936,
1865965,9.843835198,0,925.1056053,7.875068158,4.112554113,1199.965,986.9964666,
1865965,9.738680752,0,934.969625,7.790944602,3.784860558,1202.375,996.7197513,
1865965,9.724449643,0,944.7211645,7.779559714,3.505535055,1204.985,1006.442117,
1865965,9.722523671,0,954.4487249,7.778018937,3.264604811,1207.795,1016.164359,
1865965,9.722263019,0,964.171855,7.777810415,2.959501558,1210.855,1025.886584,
1865965,9.722227743,0,973.8942252,7.777782194,2.706552707,1214.215,1035.608806,
1865965,9.722222969,0,983.6164709,7.777778375,2.49343832,1217.875,1045.331029,
1865965,9.722222323,0,993.3386967,7.777777858,2.311435523,1221.835,1055.053251,
1865965,9.722222236,0,1003.060919,7.777777789,2.154195011,1226.095,1064.775473,
1865965,9.722222224,0,1012.783142,7.777777779,2.016985138,1230.655,1074.497695,
1865965,9.722222222,0,1022.505364,7.777777778,1.896207585,1235.515,1084.219918,
1865965,9.722222222,0,1032.227586,7.777777778,1.789077213,1240.675,1093.94214,
1865965,9.722222222,0,1041.949808,7.777777778,1.663747811,1246.185,1103.664362,
1865965,9.722222222,0,1051.672031,7.777777778,1.554828151,1252.095,1113.386584,
1865965,9.722222222,0,1061.394253,7.777777778,1.459293395,1258.405,1122.759085,
1865965,9.722222222,0,1071.116475,7.777777778,1.374819103,1265.115,1131.252994,
1865965,8.94628832,0,1080.559583,7.157030656,1.299589603,1272.225,1138.787352,
1865965,8.000630839,0,1089.240433,6.400504671,1.232166018,1279.735,1145.351203,
1865965,7.032003765,0,1096.99382,5.625603012,1.248357424,1287.395,1150.943064,
1865965,6.060268093,0,1103.783256,4.848214474,1.264980027,1294.955,1155.562734,
1865965,5.088111718,0,1109.601888,4.070489374,1.282051282,1302.415,1159.210186,
1865965,4.115898408,0,1114.44853,3.292718726,1.299589603,1309.775,1161.885416,
1865965,3.143677391,0,1118.322987,2.514941913,1.317614424,1317.035,1163.588424,
1865965,2.171455332,0,1121.225227,1.737164266,1.336146273,1324.195,1164.31921,
1865965,1.199233132,0,1123.155246,0.959386506,1.355206847,1331.255,1164.427496,
1865965,0.227010913,0,1124.113043,0.18160873,1.395007342,1338.165,1164.442151,
1865965,0.030722593,0,1124.377732,0.024578074,1.437216339,1344.875,1164.444134,
1865965,0.004157852,0,1124.432457,0.003326282,1.482059282,1351.385,1164.444402,
1865965,5.63E-04,0,1124.442422,0.0004504,1.52979066,1357.695,1164.444439,
1865965,7.62E-05,0,1124.444116,0.00006096,1.580698835,1363.805,1164.444444,
1865965,1.03E-05,0,1124.444393,0.00000824,1.635111876,1369.715,1164.444444,
1865965,1.39E-06,0,1124.444436,0.000001112,1.693404635,1375.425,1164.444444,
1865965,1.89E-07,0,1124.444443,1.512E-07,1.756007394,1380.935,1164.444444,
1865965,2.55E-08,0,1124.444444,2.04E-08,1.859099804,1386.195,1164.444444,
1865965,3.46E-09,0,1124.444444,2.768E-09,1.975051975,1391.155,1164.444444,
1865965,4.68E-10,0,1124.444444,3.744E-10,2.106430155,1395.815,1164.444444,
1865965,6.33E-11,0,1124.444444,5.064E-11,2.256532067,1400.175,1164.444444,
1865965,8.57E-12,0,1124.444444,6.856E-12,2.429667519,1404.235,1164.444444,
1865965,1.16E-12,0,1124.444444,9.28E-13,2.631578947,1407.995,1164.444444,
1865965,1.57E-13,0,1124.444444,1.256E-13,2.870090634,1411.455,1164.444444,
1865965,2.15E-14,0,1124.444444,1.72E-14,3.156146179,1414.615,1164.444444,
1865965,3.10E-15,0,1124.444444,2.48E-15,3.639846743,1417.425,1164.444444,
1865965,6.11E-16,0,1124.444444,4.888E-16,4.298642534,1419.835,1164.819146,
1865965,2.75E-16,0,1124.444444,2.2E-16,5.248618785,1421.845,1166.135196,
1865965,0.831357752,0,1124.743495,0.665086202,6.737588652,1423.455,1168.479336,
1865965,1.844562196,0,1125.859252,1.475649757,9.405940594,1424.665,1171.863305,
1865965,2.882376919,0,1127.968717,2.305901535,9.405940594,1425.675,1175.913991,
1865965,3.923522281,0,1131.110989,3.138817825,9.405940594,1426.685,1180.064961,
1865965,4.133760645,0,1134.994356,3.307008516,9.405940594,1427.695,1184.229504,
1865965,4.16221332,0,1139.102435,3.329770656,9.405940594,1428.705,1188.395883,
1865965,4.166063972,0,1143.258433,3.332851178,9.405940594,1429.715,1192.56251,
1865965,4.166585101,0,1147.423285,3.333268081,9.405940594,1430.725,1196.729172,
1865965,4.166655628,0,1151.589656,3.333324502,9.405940594,1431.735,1200.895838,
1865965,4.166665173,0,1155.756276,3.333332138,9.405940594,1432.745,1205.062504,
1865965,4.166666464,0,1159.922935,3.333333171,9.405940594,1433.755,1208.97937,
1865965,4.166666639,0,1164.089601,3.333333311,9.405940594,1434.765,1212.26867,
1865965,3.612428162,0,1168.0569,2.88994253,9.405940594,1435.775,1214.789313,
1865965,2.936958536,0,1171.479729,2.349566829,9.405940594,1436.785,1216.407546,
1865965,2.060343277,0,1174.173632,1.648274622,9.405940594,1437.795,1217.10303,
1865965,1.141076662,0,1175.997507,0.91286133,9.405940594,1438.805,1217.206091,
1865965,0.216058133,0,1176.907122,0.172846506,9.405940594,1439.815,1217.220039,
1865965,0.029240295,0,1177.15877,0.023392236,9.405940594,1440.825,1217.221927,
1865965,0.003957245,0,1177.210819,0.003165796,7.851239669,1441.935,1217.222182,
1865965,5.36E-04,0,1177.220298,0.0004288,6.737588652,1443.245,1217.222217,
1865965,7.25E-05,0,1177.22191,0.000058,5.900621118,1444.755,1217.222221,
1865965,9.81E-06,0,1177.222173,0.000007848,5.248618785,1446.465,1217.222222,
1865965,1.33E-06,0,1177.222215,0.000001064,4.726368159,1448.375,1217.222222,
1865965,1.80E-07,0,1177.222221,0.000000144,4.298642534,1450.485,1217.222222,
1865965,2.43E-08,0,1177.222222,1.944E-08,3.941908714,1452.795,1217.222222,
1865965,3.29E-09,0,1177.222222,2.632E-09,3.639846743,1455.305,1217.222222,
1865965,4.45E-10,0,1177.222222,3.56E-10,3.380782918,1458.015,1217.222222,
1865965,6.03E-11,0,1177.222222,4.824E-11,3.054662379,1460.975,1217.222222,
1865965,8.16E-12,0,1177.222222,6.528E-12,2.785923754,1464.235,1217.222222,
1865965,1.10E-12,0,1177.222222,8.8E-13,2.5606469,1467.795,1217.222222,
1865965,1.50E-13,0,1177.222222,1.2E-13,2.369077307,1471.655,1217.222222,
1865965,2.08E-14,0,1177.222222,1.664E-14,2.204176334,1475.815,1217.222222,
1865965,3.29E-15,0,1177.222222,2.632E-15,2.060737527,1480.275,1217.222222,
1865965,9.25E-16,0,1177.222222,7.4E-16,1.934826884,1485.035,1217.222222,
1865965,6.05E-16,0,1177.222222,4.84E-16,1.823416507,1490.095,1217.222222,
1865965,5.62E-16,0,1177.222222,4.496E-16,1.693404635,1495.505,1217.222222,
1865965,5.56E-16,0,1177.222222,4.448E-16,1.580698835,1501.315,1217.48868,
1865965,5.55E-16,0,1177.222222,4.44E-16,1.482059282,1507.525,1218.42454,
1865965,0.591195125,0,1177.434883,0.4729561,1.395007342,1514.135,1220.091479,
1865965,1.311682899,0,1178.228312,1.049346319,1.317614424,1521.145,1222.49786,
1865965,2.049688856,0,1179.728373,1.639751085,1.248357424,1528.555,1225.644804,
1865965,2.79006749,0,1181.962879,2.232053992,1.264980027,1536.115,1229.532458,
1865965,3.530745061,0,1184.937045,2.824596049,1.282051282,1543.575,1234.160857,
1865965,4.27148341,0,1188.651769,3.417186728,1.299589603,1550.935,1239.529996,
1865965,5.012231833,0,1193.107211,4.009785466,1.317614424,1558.195,1245.639869,
1865965,5.75295945,0,1198.30339,4.60236756,1.336146273,1565.355,1252.490489,
1865965,6.493704572,0,1204.240303,5.194963658,1.355206847,1572.415,1260.08185,
1865965,7.234453912,0,1210.917962,5.78756313,1.374819103,1579.375,1268.413945,
1865965,7.975181653,0,1218.336362,6.380145322,1.415797317,1586.185,1277.22033,
1865965,8.715926792,0,1226.495498,6.972741434,1.459293395,1592.795,1286.098053,
1865965,8.865481009,0,1235.182718,7.092384807,1.505546751,1599.205,1294.985431,
1865965,8.885720976,0,1244.029911,7.108576781,1.554828151,1605.415,1303.874115,
1865965,8.888460158,0,1252.911207,7.110768126,1.607445008,1611.425,1312.762977,
1865965,8.888830867,0,1261.798805,7.111064694,1.663747811,1617.235,1321.651862,
1865965,8.888881036,0,1270.687483,7.111104829,1.724137931,1622.845,1330.54075,
1865965,8.888887826,0,1279.576339,7.111110261,1.789077213,1628.255,1339.429639,
1865965,8.888888745,0,1288.465223,7.111110996,1.896207585,1633.415,1348.318528,
1865965,8.888888869,0,1297.354111,7.111111095,2.016985138,1638.275,1357.207417,
1865965,8.888888886,0,1306.243,7.111111109,2.154195011,1642.835,1366.096306,
1865965,8.888888889,0,1315.131888,7.111111111,2.311435523,1647.095,1374.985195,
1865965,8.888888889,0,1324.020777,7.111111111,2.49343832,1651.055,1383.874083,
1865965,8.888888889,0,1332.909666,7.111111111,2.706552707,1654.715,1392.762972,
1865965,8.888888889,0,1341.798555,7.111111111,2.959501558,1658.075,1401.651861,
1865965,8.888888889,0,1350.687444,7.111111111,3.264604811,1661.135,1410.54075,
1865965,8.888888889,0,1359.576333,7.111111111,3.784860558,1663.845,1419.429639,
1865965,8.888888889,0,1368.465222,7.111111111,4.502369668,1666.155,1428.318528,
1865965,8.888888889,0,1377.354111,7.111111111,5.555555556,1668.065,1437.207417,
1865965,8.888888889,0,1386.242999,7.111111111,7.251908397,1669.575,1446.096306,
1865965,8.888888889,0,1395.131888,7.111111111,10.43956044,1670.685,1454.985195,
1865965,8.888888889,0,1404.020777,7.111111111,10.43956044,1671.595,1463.874083,
1865965,8.888888889,0,1412.909666,7.111111111,10.43956044,1672.505,1472.762972,
1865965,8.888888889,0,1421.798555,7.111111111,10.43956044,1673.415,1481.651861,
1865965,8.888888889,0,1430.687444,7.111111111,10.43956044,1674.325,1490.250071,
1865965,8.888888889,0,1439.576333,7.111111111,10.43956044,1675.235,1498.118021,
1865965,8.243954799,0,1448.23323,6.595163839,10.43956044,1676.145,1505.18842,
1865965,7.45795132,0,1456.256559,5.966361056,10.43956044,1677.055,1511.452161,
1865965,6.65285617,0,1463.509009,5.322284936,10.43956044,1677.965,1516.908012,
1865965,5.845177244,0,1469.96025,4.676141795,10.43956044,1678.875,1521.555815,
1865965,5.037148641,0,1475.604586,4.029718913,10.43956044,1679.785,1525.395553,
1865965,4.229094884,0,1480.44104,3.383275907,10.43956044,1680.695,1528.427211,
1865965,3.421017403,0,1484.469455,2.736813922,10.43956044,1681.605,1530.650787,
1865965,2.612934861,0,1487.689796,2.090347889,10.43956044,1682.515,1532.066278,
1865965,1.804851635,0,1490.102056,1.443881308,10.43956044,1683.425,1532.673687,
1865965,0.996768316,0,1491.706233,0.797414653,10.43956044,1684.335,1532.763691,
1865965,0.188684985,0,1492.502326,0.150947988,10.43956044,1685.245,1532.775871,
1865965,0.025535742,0,1492.722328,0.020428594,8.558558559,1686.255,1532.77752,
1865965,0.003455888,0,1492.767814,0.00276471,7.251908397,1687.465,1532.777743,
1865965,4.68E-04,0,1492.776097,0.0003744,6.291390728,1688.875,1532.777773,
1865965,6.33E-05,0,1492.777505,0.00005064,5.555555556,1690.485,1532.777777,
1865965,8.57E-06,0,1492.777735,0.000006856,4.97382199,1692.295,1532.777778,
1865965,1.16E-06,0,1492.777771,0.000000928,4.502369668,1694.305,1532.777778,
1865965,1.57E-07,0,1492.777777,1.256E-07,4.112554113,1696.515,1532.777778,
1865965,2.12E-08,0,1492.777778,1.696E-08,3.784860558,1698.925,1532.777778,
1865965,2.87E-09,0,1492.777778,2.296E-09,3.505535055,1701.535,1532.777778,
1865965,3.89E-10,0,1492.777778,3.112E-10,3.156146179,1704.395,1532.777778,
1865965,5.26E-11,0,1492.777778,4.208E-11,2.870090634,1707.555,1532.777778,
1865965,7.12E-12,0,1492.777778,5.696E-12,2.631578947,1711.015,1532.777778,
1865965,9.66E-13,0,1492.777778,7.728E-13,2.429667519,1714.775,1532.777778,
1865965,1.32E-13,0,1492.777778,1.056E-13,2.256532067,1718.835,1532.777778,
1865965,1.92E-14,0,1492.777778,1.536E-14,2.106430155,1723.195,1532.777778,
1865965,3.94E-15,0,1492.777778,3.152E-15,1.975051975,1727.855,1532.777778,
1865965,1.88E-15,0,1492.777778,1.504E-15,1.859099804,1732.815,1532.777778,
1865965,1.60E-15,0,1492.777778,1.28E-15,1.724137931,1738.125,1532.777778,
1865965,1.56E-15,0,1492.777778,1.248E-15,1.607445008,1743.835,1532.777778,
1865965,1.56E-15,0,1492.777778,1.248E-15,1.505546751,1749.945,1532.969935,
1865965,1.55E-15,0,1492.777778,1.24E-15,1.415797317,1756.455,1533.64484,
1865965,0.426342425,0,1492.931139,0.34107394,1.336146273,1763.365,1534.846968,
1865965,0.945940682,0,1493.503329,0.756752546,1.264980027,1770.675,1536.582332,
1865965,1.478137578,0,1494.585111,1.182510062,1.282051282,1778.135,1538.851762,
1865965,2.012059834,0,1496.19653,1.609647867,1.299589603,1785.495,1541.655368,
1865965,2.546217442,0,1498.341359,2.036973954,1.317614424,1792.755,1544.993156,
1865965,3.080406901,0,1501.020254,2.464325521,1.336146273,1799.915,1548.865123,
1865965,3.614578502,0,1504.233314,2.891662802,1.355206847,1806.975,1553.271282,
1865965,4.148768005,0,1507.980553,3.319014404,1.374819103,1813.935,1558.211635,
1865965,4.682961781,0,1512.26198,3.746369425,1.395007342,1820.795,1563.686173,
1865965,5.217156135,0,1517.077601,4.173724908,1.437216339,1827.505,1569.69489,
1865965,5.751328398,0,1522.427408,4.601062718,1.482059282,1834.015,1576.237799,
1865965,6.285517991,0,1528.311396,5.028414393,1.52979066,1840.325,1583.314903,
1865965,6.819711779,0,1534.729573,5.455769423,1.580698835,1846.435,1590.926201,
1865965,7.353906135,0,1541.681944,5.883124908,1.635111876,1852.345,1599.071683,
1865965,7.888100567,0,1549.168509,6.310480454,1.693404635,1858.055,1607.751344,
1865965,8.422272841,0,1557.18926,6.737818273,1.756007394,1863.565,1616.965198,
1865965,8.956462436,0,1565.744192,7.165169949,1.823416507,1868.875,1626.713246,
1865965,9.490656224,0,1574.833314,7.592524979,1.934826884,1873.935,1636.995478,
1865965,10.02485058,0,1584.456629,8.019880464,2.060737527,1878.695,1647.811889,
1865965,10.55902284,0,1594.614131,8.447218272,2.204176334,1883.155,1659.162493,
1865965,11.09321244,0,1605.305813,8.874569952,2.369077307,1887.315,1671.047291,
1865965,11.62740622,0,1616.531685,9.301924976,2.5606469,1891.175,1683.466273,
1865965,12.16160058,0,1628.29175,9.729280464,2.785923754,1894.735,1696.419435,
1865965,12.69577284,0,1640.586001,10.15661827,3.054662379,1897.995,1709.906788,
1865965,13.22996244,0,1653.414433,10.58396995,3.380782918,1900.955,1723.736179,
1865965,13.76415622,0,1666.777055,11.01132498,3.941908714,1903.565,1737.617016,
1865965,13.87200815,0,1680.520509,11.09760652,4.726368159,1905.775,1751.504815,
1865965,13.88660433,0,1694.379329,11.10928346,5.900621118,1907.585,1765.393556,
1865965,13.88857971,0,1708.262743,11.11086377,7.851239669,1908.995,1779.282425,
1865965,13.88884705,0,1722.1507,11.11107764,11.72839506,1910.005,1793.171311,
1865965,13.88888323,0,1736.039437,11.11110658,11.72839506,1910.815,1807.0602,
1865965,13.88888812,0,1749.928302,11.1111105,11.72839506,1911.625,1820.949089,
1865965,13.88888879,0,1763.817187,11.11111103,11.72839506,1912.435,1834.837978,
1865965,13.88888887,0,1777.706076,11.1111111,11.72839506,1913.245,1848.726866,
1865965,13.88888889,0,1791.594965,11.11111111,11.72839506,1914.055,1862.615755,
1865965,13.88888889,0,1805.483853,11.11111111,11.72839506,1914.865,1876.504644,
1865965,13.88888889,0,1819.372742,11.11111111,11.72839506,1915.675,1890.206182,
1865965,13.88888889,0,1833.261631,11.11111111,11.72839506,1916.485,1903.437046,
1865965,13.47321001,0,1847.000995,10.77856801,11.72839506,1917.295,1916.153865,
1865965,12.96660779,0,1860.332005,10.37328623,11.72839506,1918.105,1928.350769,
1865965,12.44770043,0,1873.166161,9.958160344,11.72839506,1918.915,1940.026965,
1865965,11.92712775,0,1885.483914,9.5417022,11.72839506,1919.725,1951.182343,
1865965,11.40632969,0,1897.281594,9.125063752,11.72839506,1920.535,1961.816891,
1865965,10.88550113,0,1908.558565,8.708400904,11.72839506,1921.345,1971.930606,
1865965,10.36466844,0,1919.314723,8.291734752,11.72839506,1922.155,1981.710838,
1865965,9.843835198,0,1929.55005,7.875068158,11.72839506,1922.965,1991.440911,
1865965,9.738680752,0,1939.414069,7.790944602,9.405940594,1923.875,2001.164196,
1865965,9.724449643,0,1949.165609,7.779559714,7.851239669,1924.985,2010.886562,
1865965,9.722523671,0,1958.893169,7.778018937,6.737588652,1926.295,2020.608803,
1865965,9.722263019,0,1968.616299,7.777810415,5.900621118,1927.805,2030.331028,
1865965,9.722227743,0,1978.33867,7.777782194,5.248618785,1929.515,2040.053251,
1865965,9.722222969,0,1988.060915,7.777778375,4.726368159,1931.425,2049.775473,
1865965,9.722222323,0,1997.783141,7.777777858,4.298642534,1933.535,2059.497695,
1865965,9.722222236,0,2007.505364,7.777777789,3.941908714,1935.845,2069.219918,
1865965,9.722222224,0,2017.227586,7.777777779,3.639846743,1938.355,2078.94214,
1865965,9.722222222,0,2026.949808,7.777777778,3.264604811,1941.115,2088.664362,
1865965,9.722222222,0,2036.672031,7.777777778,2.959501558,1944.175,2098.386584,
1865965,9.722222222,0,2046.394253,7.777777778,2.706552707,1947.535,2108.108806,
1865965,9.722222222,0,2056.116475,7.777777778,2.49343832,1951.195,2117.831029,
1865965,9.722222222,0,2065.838697,7.777777778,2.311435523,1955.155,2127.203529,
1865965,9.722222222,0,2075.56092,7.777777778,2.154195011,1959.415,2135.697438,
1865965,8.94628832,0,2085.004028,7.157030656,2.016985138,1963.975,2143.231796,
1865965,8.000630839,0,2093.684877,6.400504671,1.896207585,1968.835,2149.795647,
1865965,7.032003765,0,2101.438265,5.625603012,1.756007394,1974.045,2155.387508,
1865965,6.060268093,0,2108.2277,4.848214474,1.635111876,1979.655,2160.007178,
1865965,5.088111718,0,2114.046332,4.070489374,1.52979066,1985.665,2163.65463,
1865965,4.115898407,0,2118.892974,3.292718726,1.437216339,1992.075,2166.329861,
1865965,3.143677391,0,2122.767431,2.514941913,1.355206847,1998.885,2168.032869,
1865965,2.171455332,0,2125.669671,1.737164266,1.282051282,2006.095,2168.763655,
1865965,1.199233132,0,2127.59969,0.959386506,1.299589603,2013.455,2168.87194,
1865965,0.227010913,0,2128.557487,0.18160873,1.317614424,2020.715,2168.886595,
1865965,0.030722593,0,2128.822176,0.024578074,1.336146273,2027.875,2168.888578,
1865965,0.004157852,0,2128.876902,0.003326282,1.355206847,2034.935,2168.888847,
1865965,5.63E-04,0,2128.886866,0.0004504,1.374819103,2041.895,2168.888883,
1865965,7.62E-05,0,2128.888561,0.00006096,1.395007342,2048.755,2168.888888,
1865965,1.03E-05,0,2128.888837,0.00000824,1.415797317,2055.515,2168.888889,
1865965,1.39E-06,0,2128.888881,0.000001112,1.459293395,2062.125,2168.888889,
1865965,1.89E-07,0,2128.888888,1.512E-07,1.505546751,2068.535,2168.888889,
1865965,2.55E-08,0,2128.888889,2.04E-08,1.554828151,2074.745,2168.888889,
1865965,3.46E-09,0,2128.888889,2.768E-09,1.607445008,2080.755,2168.888889,
1865965,4.68E-10,0,2128.888889,3.744E-10,1.663747811,2086.565,2168.888889,
1865965,6.33E-11,0,2128.888889,5.064E-11,1.724137931,2092.175,2168.888889,
1865965,8.57E-12,0,2128.888889,6.856E-12,1.789077213,2097.585,2168.888889,
1865965,1.16E-12,0,2128.888889,9.28E-13,1.859099804,2102.795,2168.888889,
1865965,1.59E-13,0,2128.888889,1.272E-13,1.975051975,2107.755,2168.888889,
1865965,2.32E-14,0,2128.888889,1.856E-14,2.106430155,2112.415,2168.888889,
1865965,4.87E-15,0,2128.888889,3.896E-15,2.256532067,2116.775,2168.888889,
1865965,2.39E-15,0,2128.888889,1.912E-15,2.429667519,2120.835,2169.263591,
1865965,2.05E-15,0,2128.888889,1.64E-15,2.631578947,2124.595,2170.579641,
1865965,0.831357752,0,2129.18794,0.665086202,2.870090634,2128.055,2172.923781,
1865965,1.844562196,0,2130.303696,1.475649757,3.156146179,2131.215,2176.30775,
1865965,2.882376919,0,2132.413162,2.305901535,3.505535055,2134.075,2180.358435,
1865965,3.923522281,0,2135.555433,3.138817825,4.112554113,2136.585,2184.509406,
1865965,4.133760645,0,2139.438801,3.307008516,4.97382199,2138.695,2188.673948,
1865965,4.16221332,0,2143.54688,3.329770656,6.291390728,2140.405,2192.840327,
1865965,4.166063972,0,2147.702877,3.332851178,8.558558559,2141.715,2197.006955,
1865965,4.166585101,0,2151.867729,3.333268081,13.38028169,2142.625,2201.173616,
1865965,4.166655628,0,2156.0341,3.333324502,13.38028169,2143.335,2205.340282,
1865965,4.166665173,0,2160.20072,3.333332138,13.38028169,2144.045,2209.506949,
1865965,4.166666464,0,2164.36738,3.333333171,13.38028169,2144.755,2213.423814,
1865965,4.166666639,0,2168.534045,3.333333311,13.38028169,2145.465,2216.713114,
1865965,3.612428162,0,2172.501344,2.88994253,13.38028169,2146.175,2219.233757,
1865965,2.936958536,0,2175.924173,2.349566829,13.38028169,2146.885,2220.851991,
1865965,2.060343277,0,2178.618076,1.648274622,13.38028169,2147.595,2221.547475,
1865965,1.141076662,0,2180.441951,0.91286133,13.38028169,2148.305,2221.650536,
1865965,0.216058133,0,2181.351566,0.172846506,13.38028169,2149.015,2221.664484,
1865965,0.029240295,0,2181.603215,0.023392236,13.38028169,2149.725,2221.666371,
1865965,0.003957245,0,2181.655263,0.003165796,13.38028169,2150.435,2221.666627,
1865965,5.36E-04,0,2181.664742,0.0004288,13.38028169,2151.145,2221.666661,
1865965,7.25E-05,0,2181.666355,0.000058,13.38028169,2151.855,2221.666666,
1865965,9.81E-06,0,2181.666617,0.000007848,13.38028169,2152.565,2221.666667,
1865965,1.33E-06,0,2181.666659,0.000001064,13.38028169,2153.275,2221.666667,
1865965,1.80E-07,0,2181.666665,0.000000144,13.38028169,2153.985,2221.666667,
1865965,2.43E-08,0,2181.666666,1.944E-08,10.43956044,2154.795,2221.666667,
1865965,3.29E-09,0,2181.666667,2.632E-09,8.558558559,2155.805,2221.666667,
1865965,4.45E-10,0,2181.666667,3.56E-10,7.251908397,2157.015,2221.666667,
1865965,6.03E-11,0,2181.666667,4.824E-11,6.291390728,2158.425,2221.666667,
1865965,8.16E-12,0,2181.666667,6.528E-12,5.555555556,2160.035,2221.666667,
1865965,1.11E-12,0,2181.666667,8.88E-13,4.97382199,2161.845,2221.666667,
1865965,1.52E-13,0,2181.666667,1.216E-13,4.502369668,2163.855,2221.666667,
1865965,2.25E-14,0,2181.666667,1.8E-14,4.112554113,2166.065,2221.666667,
1865965,5.07E-15,0,2181.666667,4.056E-15,3.784860558,2168.475,2221.666667,
1865965,2.70E-15,0,2181.666667,2.16E-15,3.380782918,2171.135,2221.666667,
1865965,2.38E-15,0,2181.666667,1.904E-15,3.054662379,2174.095,2221.666667,
1865965,2.34E-15,0,2181.666667,1.872E-15,2.785923754,2177.355,2221.666667,
1865965,2.33E-15,0,2181.666667,1.864E-15,2.5606469,2180.915,2221.933125,
1865965,2.33E-15,0,2181.666667,1.864E-15,2.369077307,2184.775,2222.868984,
1865965,0.591195125,0,2181.879328,0.4729561,2.204176334,2188.935,2224.535924,
1865965,1.311682899,0,2182.672757,1.049346319,2.060737527,2193.395,2226.942305,
1865965,2.049688856,0,2184.172818,1.639751085,1.934826884,2198.155,2230.089248,
1865965,2.79006749,0,2186.407324,2.232053992,1.789077213,2203.265,2233.976903,
1865965,3.530745061,0,2189.381489,2.824596049,1.663747811,2208.775,2238.605302,
1865965,4.27148341,0,2193.096214,3.417186728,1.554828151,2214.685,2243.97444,
1865965,5.012231833,0,2197.551656,4.009785466,1.459293395,2220.995,2250.084313,
1865965,5.75295945,0,2202.747834,4.60236756,1.374819103,2227.705,2256.934934,
1865965,6.493704572,0,2208.684748,5.194963658,1.299589603,2234.815,2264.526294,
1865965,7.234453912,0,2215.362406,5.78756313,1.317614424,2242.075,2272.85839,
1865965,7.975181653,0,2222.780806,6.380145322,1.336146273,2249.235,2281.664775,
1865965,8.715926792,0,2230.939942,6.972741434,1.355206847,2256.295,2290.542498,
1865965,8.865481009,0,2239.627162,7.092384807,1.374819103,2263.255,2299.429875,
1865965,8.885720976,0,2248.474355,7.108576781,1.395007342,2270.115,2308.31856,
1865965,8.888460158,0,2257.355652,7.110768126,1.415797317,2276.875,2317.207421,
1865965,8.888830867,0,2266.243249,7.111064694,1.437216339,2283.535,2326.096306,
1865965,8.888881036,0,2275.131928,7.111104829,1.482059282,2290.045,2334.985195,
1865965,8.888887826,0,2284.020783,7.111110261,1.52979066,2296.355,2343.874083,
1865965,8.888888745,0,2292.909667,7.111110996,1.580698835,2302.465,2352.762972,
1865965,8.888888869,0,2301.798555,7.111111095,1.635111876,2308.375,2361.651861,
1865965,8.888888886,0,2310.687444,7.111111109,1.693404635,2314.085,2370.54075,
1865965,8.888888889,0,2319.576333,7.111111111,1.756007394,2319.595,2379.429639,
1865965,8.888888889,0,2328.465222,7.111111111,1.823416507,2324.905,2388.318528,
1865965,8.888888889,0,2337.354111,7.111111111,1.896207585,2330.015,2397.207417,
1865965,8.888888889,0,2346.242999,7.111111111,2.016985138,2334.875,2406.096306,
1865965,8.888888889,0,2355.131888,7.111111111,2.154195011,2339.435,2414.985195,
1865965,8.888888889,0,2364.020777,7.111111111,2.311435523,2343.695,2423.874083,
1865965,8.888888889,0,2372.909666,7.111111111,2.49343832,2347.655,2432.762972,
1865965,8.888888889,0,2381.798555,7.111111111,2.706552707,2351.315,2441.651861,
1865965,8.888888889,0,2390.687444,7.111111111,2.959501558,2354.675,2450.54075,
1865965,8.888888889,0,2399.576333,7.111111111,3.264604811,2357.735,2459.429639,
1865965,8.888888889,0,2408.465222,7.111111111,3.639846743,2360.495,2468.318528,
1865965,8.888888889,0,2417.354111,7.111111111,4.298642534,2362.905,2477.207417,
1865965,8.888888889,0,2426.242999,7.111111111,5.248618785,2364.915,2486.096306,
1865965,8.888888889,0,2435.131888,7.111111111,6.737588652,2366.525,2494.694516,
1865965,8.888888889,0,2444.020777,7.111111111,9.405940594,2367.735,2502.562466,
1865965,8.243954799,0,2452.677674,6.595163839,15.57377049,2368.545,2509.632865,
1865965,7.45795132,0,2460.701004,5.966361056,15.57377049,2369.155,2515.896606,
1865965,6.65285617,0,2467.953454,5.322284936,15.57377049,2369.765,2521.352456,
1865965,5.845177244,0,2474.404694,4.676141795,15.57377049,2370.375,2526.000259,
1865965,5.037148641,0,2480.04903,4.029718913,15.57377049,2370.985,2529.839998,
1865965,4.229094884,0,2484.885484,3.383275907,15.57377049,2371.595,2532.871656,
1865965,3.421017403,0,2488.913899,2.736813922,15.57377049,2372.205,2535.095231,
1865965,2.612934861,0,2492.134241,2.090347889,15.57377049,2372.815,2536.510723,
1865965,1.804851635,0,2494.5465,1.443881308,15.57377049,2373.425,2537.118131,
1865965,0.996768316,0,2496.150677,0.797414653,15.57377049,2374.035,2537.208135,
1865965,0.188684985,0,2496.946771,0.150947988,15.57377049,2374.645,2537.220316,
1865965,0.025535742,0,2497.166772,0.020428594,15.57377049,2375.255,2537.221964,
1865965,0.003455888,0,2497.212259,0.00276471,15.57377049,2375.865,2537.222187,
1865965,4.68E-04,0,2497.220541,0.0003744,15.57377049,2376.475,2537.222217,
1865965,6.33E-05,0,2497.22195,0.00005064,15.57377049,2377.085,2537.222222,
1865965,8.57E-06,0,2497.222179,0.000006856,15.57377049,2377.695,2537.222222,
1865965,1.16E-06,0,2497.222216,0.000000928,15.57377049,2378.305,2537.222222,
1865965,1.57E-07,0,2497.222221,1.256E-07,11.72839506,2379.015,2537.222222,
1865965,2.12E-08,0,2497.222222,1.696E-08,9.405940594,2379.925,2537.222222,
1865965,2.87E-09,0,2497.222222,2.296E-09,7.851239669,2381.035,2537.222222,
1865965,3.89E-10,0,2497.222222,3.112E-10,6.737588652,2382.345,2537.222222,
1865965,5.26E-11,0,2497.222222,4.208E-11,5.900621118,2383.855,2537.222222,
1865965,7.13E-12,0,2497.222222,5.704E-12,5.248618785,2385.565,2537.222222,
1865965,9.67E-13,0,2497.222222,7.736E-13,4.726368159,2387.475,2537.222222,
1865965,1.34E-13,0,2497.222222,1.072E-13,4.298642534,2389.585,2537.222222,
1865965,2.10E-14,0,2497.222222,1.68E-14,3.941908714,2391.895,2537.222222,
1865965,5.72E-15,0,2497.222222,4.576E-15,3.505535055,2394.455,2537.222222,
1865965,3.65E-15,0,2497.222222,2.92E-15,3.156146179,2397.315,2537.222222,
1865965,3.37E-15,0,2497.222222,2.696E-15,2.870090634,2400.475,2537.222222,
1865965,3.34E-15,0,2497.222222,2.672E-15,2.631578947,2403.935,2537.222222,
1865965,3.33E-15,0,2497.222222,2.664E-15,2.429667519,2407.695,2537.414379,
1865965,3.33E-15,0,2497.222222,2.664E-15,2.256532067,2411.755,2538.089285,
1865965,0.426342425,0,2497.375583,0.34107394,2.106430155,2416.115,2539.291412,
1865965,0.945940682,0,2497.947773,0.756752546,1.975051975,2420.775,2541.026777,
1865965,1.478137578,0,2499.029555,1.182510062,1.823416507,2425.785,2543.296206,
1865965,2.012059834,0,2500.640974,1.609647867,1.693404635,2431.195,2546.099812,
1865965,2.546217442,0,2502.785803,2.036973954,1.580698835,2437.005,2549.4376,
1865965,3.080406901,0,2505.464698,2.464325521,1.482059282,2443.215,2553.309567,
1865965,3.614578502,0,2508.677759,2.891662802,1.395007342,2449.825,2557.715727,
1865965,4.148768005,0,2512.424997,3.319014404,1.317614424,2456.835,2562.65608,
1865965,4.682961781,0,2516.706425,3.746369425,1.336146273,2463.995,2568.130618,
1865965,5.217156135,0,2521.522045,4.173724908,1.355206847,2471.055,2574.139335,
1865965,5.751328398,0,2526.871852,4.601062718,1.374819103,2478.015,2580.682244,
1865965,6.285517991,0,2532.75584,5.028414393,1.395007342,2484.875,2587.759347,
1865965,6.819711779,0,2539.174017,5.455769423,1.415797317,2491.635,2595.370645,
1865965,7.353906135,0,2546.126388,5.883124908,1.437216339,2498.295,2603.516127,
1865965,7.888100567,0,2553.612953,6.310480454,1.459293395,2504.855,2612.195789,
1865965,8.422272841,0,2561.633705,6.737818273,1.505546751,2511.265,2621.409642,
1865965,8.956462436,0,2570.188637,7.165169949,1.554828151,2517.475,2631.15769,
1865965,9.490656224,0,2579.277758,7.592524979,1.607445008,2523.485,2641.439922,
1865965,10.02485058,0,2588.901074,8.019880464,1.663747811,2529.295,2652.256334,
1865965,10.55902284,0,2599.058575,8.447218272,1.724137931,2534.905,2663.606938,
1865965,11.09321244,0,2609.750257,8.874569952,1.789077213,2540.315,2675.491735,
1865965,11.62740622,0,2620.976129,9.301924976,1.859099804,2545.525,2687.910718,
1865965,12.16160058,0,2632.736194,9.729280464,1.934826884,2550.535,2700.863879,
1865965,12.69577284,0,2645.030446,10.15661827,2.060737527,2555.295,2714.351233,
1865965,13.22996244,0,2657.858878,10.58396995,2.204176334,2559.755,2728.180623,
1865965,13.76415622,0,2671.2215,11.01132498,2.369077307,2563.915,2742.06146,
1865965,13.87200815,0,2684.964954,11.09760652,2.5606469,2567.775,2755.949259,
1865965,13.88660433,0,2698.823773,11.10928346,2.785923754,2571.335,2769.838001,
1865965,13.88857971,0,2712.707187,11.11086377,3.054662379,2574.595,2783.72687,
1865965,13.88884705,0,2726.595145,11.11107764,3.380782918,2577.555,2797.615756,
1865965,13.88888323,0,2740.483882,11.11110658,3.784860558,2580.215,2811.504644,
1865965,13.88888812,0,2754.372747,11.1111105,4.502369668,2582.525,2825.393533,
1865965,13.88888879,0,2768.261632,11.11111103,5.555555556,2584.435,2839.282422,
1865965,13.88888887,0,2782.15052,11.1111111,7.251908397,2585.945,2853.171311,
1865965,13.88888889,0,2796.039409,11.11111111,10.43956044,2587.055,2867.0602,
1865965,13.88888889,0,2809.928298,11.11111111,18.62745098,2587.765,2880.949089,
1865965,13.88888889,0,2823.817187,11.11111111,18.62745098,2588.275,2894.650627,
1865965,13.88888889,0,2837.706076,11.11111111,18.62745098,2588.785,2907.881491,
1865965,13.47321001,0,2851.445439,10.77856801,18.62745098,2589.295,2920.598309,
1865965,12.96660779,0,2864.77645,10.37328623,18.62745098,2589.805,2932.795214,
1865965,12.44770043,0,2877.610606,9.958160344,18.62745098,2590.315,2944.471409,
1865965,11.92712775,0,2889.928359,9.5417022,18.62745098,2590.825,2955.626788,
1865965,11.40632969,0,2901.726039,9.125063752,18.62745098,2591.335,2966.261335,
1865965,10.88550113,0,2913.00301,8.708400904,18.62745098,2591.845,2976.37505,
1865965,10.36466844,0,2923.759167,8.291734752,18.62745098,2592.355,2986.155282,
1865965,9.843835198,0,2933.994494,7.875068158,18.62745098,2592.865,2995.885355,
1865965,9.738680752,0,2943.858514,7.790944602,18.62745098,2593.375,3005.60864,
1865965,9.724449643,0,2953.610053,7.779559714,18.62745098,2593.885,3015.331006,
1865965,9.722523671,0,2963.337614,7.778018937,18.62745098,2594.395,3025.053248,
1865965,9.722263019,0,2973.060744,7.777810415,18.62745098,2594.905,3034.775473,
1865965,9.722227743,0,2982.783114,7.777782194,18.62745098,2595.415,3044.497695,
1865965,9.722222969,0,2992.50536,7.777778375,18.62745098,2595.925,3054.219918,
1865965,9.722222323,0,3002.227586,7.777777858,13.38028169,2596.535,3063.94214,
1865965,9.722222236,0,3011.949808,7.777777789,10.43956044,2597.345,3073.664362,
1865965,9.722222224,0,3021.672031,7.777777779,8.558558559,2598.355,3083.386584,
1865965,9.722222222,0,3031.394253,7.777777778,7.251908397,2599.565,3093.108806,
1865965,9.722222222,0,3041.116475,7.777777778,6.291390728,2600.975,3102.831029,
1865965,9.722222222,0,3050.838697,7.777777778,5.555555556,2602.585,3112.553251,
1865965,9.722222222,0,3060.56092,7.777777778,4.97382199,2604.395,3122.275473,
1865965,9.722222222,0,3070.283142,7.777777778,4.502369668,2606.405,3131.647974,
1865965,9.722222222,0,3080.005364,7.777777778,4.112554113,2608.615,3140.141883,
1865965,8.946288316,0,3089.448472,7.157030653,3.639846743,2611.075,3147.676241,
1865965,8.000630833,0,3098.129321,6.400504666,3.264604811,2613.835,3154.240092,
1865965,7.032003759,0,3105.882709,5.625603007,2.959501558,2616.895,3159.831953,
1865965,6.060268087,0,3112.672145,4.84821447,2.706552707,2620.255,3164.451623,
1865965,5.088111713,0,3118.490776,4.07048937,2.49343832,2623.915,3168.099075,
1865965,4.115898398,0,3123.337419,3.292718718,2.311435523,2627.875,3170.774305,
1865965,3.143677381,0,3127.211875,2.514941905,2.154195011,2632.135,3172.477313,
1865965,2.171455322,0,3130.114116,1.737164258,2.016985138,2636.695,3173.208099,
1865965,1.19923313,0,3132.044135,0.959386504,1.859099804,2641.605,3173.316385,
1865965,0.227010912,0,3133.001932,0.18160873,1.724137931,2646.915,3173.331039,
1865965,0.030722592,0,3133.26662,0.024578074,1.607445008,2652.625,3173.333023,
1865965,0.004157852,0,3133.321346,0.003326282,1.505546751,2658.735,3173.333291,
1865965,5.63E-04,0,3133.33131,0.0004504,1.415797317,2665.245,3173.333328,
1865965,7.62E-05,0,3133.333005,0.00006096,1.336146273,2672.155,3173.333332,
1865965,1.03E-05,0,3133.333281,0.00000824,1.355206847,2679.215,3173.333333,
1865965,1.39E-06,0,3133.333325,0.000001112,1.374819103,2686.175,3173.333333,
1865965,1.89E-07,0,3133.333332,1.512E-07,1.395007342,2693.035,3173.333333,
1865965,2.55E-08,0,3133.333333,2.04E-08,1.415797317,2699.795,3173.333333,
1865965,3.46E-09,0,3133.333333,2.768E-09,1.437216339,2706.455,3173.333333,
1865965,4.68E-10,0,3133.333333,3.744E-10,1.459293395,2713.015,3173.333333,
1865965,6.33E-11,0,3133.333333,5.064E-11,1.482059282,2719.475,3173.333333,
1865965,8.57E-12,0,3133.333333,6.856E-12,1.52979066,2725.785,3173.333333,
1865965,1.16E-12,0,3133.333333,9.28E-13,1.580698835,2731.895,3173.333333,
1865965,1.61E-13,0,3133.333333,1.288E-13,1.635111876,2737.805,3173.333333,
1865965,2.50E-14,0,3133.333333,2E-14,1.693404635,2743.515,3173.333333,
1865965,6.65E-15,0,3133.333333,5.32E-15,1.756007394,2749.025,3173.333333,
1865965,4.16E-15,0,3133.333333,3.328E-15,1.823416507,2754.335,3173.708035,
1865965,3.83E-15,0,3133.333333,3.064E-15,1.896207585,2759.445,3175.024085,
1865965,0.831357752,0,3133.632384,0.665086202,1.975051975,2764.355,3177.368225,
1865965,1.844562197,0,3134.748141,1.475649758,2.106430155,2769.015,3180.752194,
1865965,2.882376919,0,3136.857606,2.305901535,2.256532067,2773.375,3184.80288,
1865965,3.923522282,0,3139.999878,3.138817826,2.429667519,2777.435,3188.95385,
1865965,4.133760646,0,3143.883245,3.307008517,2.631578947,2781.195,3193.118392,
1865965,4.16221332,0,3147.991324,3.329770656,2.870090634,2784.655,3197.284771,
1865965,4.166063972,0,3152.147322,3.332851178,3.156146179,2787.815,3201.451399,
1865965,4.166585101,0,3156.312174,3.333268081,3.505535055,2790.675,3205.618061,
1865965,4.166655628,0,3160.478545,3.333324502,3.941908714,2793.235,3209.784727,
1865965,4.166665173,0,3164.645164,3.333332138,4.726368159,2795.445,3213.951393,
1865965,4.166666464,0,3168.811824,3.333333171,5.900621118,2797.255,3217.868259,
1865965,4.166666639,0,3172.978489,3.333333311,7.851239669,2798.665,3221.157559,
1865965,3.612428162,0,3176.945789,2.88994253,11.72839506,2799.675,3223.678202,
1865965,2.936958535,0,3180.368617,2.349566828,23.17073171,2800.285,3225.296435,
1865965,2.060343276,0,3183.062521,1.648274621,23.17073171,2800.695,3225.991919,
1865965,1.141076661,0,3184.886396,0.912861329,23.17073171,2801.105,3226.09498,
1865965,0.216058133,0,3185.79601,0.172846506,23.17073171,2801.515,3226.108928,
1865965,0.029240294,0,3186.047659,0.023392235,23.17073171,2801.925,3226.110816,
1865965,0.003957244,0,3186.099708,0.003165795,23.17073171,2802.335,3226.111071,
1865965,5.36E-04,0,3186.109187,0.0004288,23.17073171,2802.745,3226.111106,
1865965,7.25E-05,0,3186.110799,0.000058,23.17073171,2803.155,3226.11111,
1865965,9.81E-06,0,3186.111062,0.000007848,23.17073171,2803.565,3226.111111,
1865965,1.33E-06,0,3186.111103,0.000001064,23.17073171,2803.975,3226.111111,
1865965,1.80E-07,0,3186.11111,0.000000144,23.17073171,2804.385,3226.111111,
1865965,2.43E-08,0,3186.111111,1.944E-08,23.17073171,2804.795,3226.111111,
1865965,3.29E-09,0,3186.111111,2.632E-09,23.17073171,2805.205,3226.111111,
1865965,4.45E-10,0,3186.111111,3.56E-10,23.17073171,2805.615,3226.111111,
1865965,6.03E-11,0,3186.111111,4.824E-11,23.17073171,2806.025,3226.111111,
1865965,8.16E-12,0,3186.111111,6.528E-12,23.17073171,2806.435,3226.111111,
1865965,1.11E-12,0,3186.111111,8.88E-13,23.17073171,2806.845,3226.111111,
1865965,1.53E-13,0,3186.111111,1.224E-13,15.57377049,2807.355,3226.111111,
1865965,2.43E-14,0,3186.111111,1.944E-14,11.72839506,2808.065,3226.111111,
1865965,6.84E-15,0,3186.111111,5.472E-15,9.405940594,2808.975,3226.111111,
1865965,4.48E-15,0,3186.111111,3.584E-15,7.851239669,2810.085,3226.111111,
1865965,4.16E-15,0,3186.111111,3.328E-15,6.737588652,2811.395,3226.111111,
1865965,4.11E-15,0,3186.111111,3.288E-15,5.900621118,2812.905,3226.111111,
1865965,4.11E-15,0,3186.111111,3.288E-15,5.248618785,2814.615,3226.377569,
1865965,4.11E-15,0,3186.111111,3.288E-15,4.726368159,2816.525,3227.313428,
1865965,0.591195125,0,3186.323772,0.4729561,4.298642534,2818.635,3228.980368,
1865965,1.3116829,0,3187.117201,1.04934632,3.784860558,2820.995,3231.386749,
1865965,2.049688856,0,3188.617262,1.639751085,3.380782918,2823.655,3234.533693,
1865965,2.79006749,0,3190.851768,2.232053992,3.054662379,2826.615,3238.421347,
1865965,3.530745062,0,3193.825934,2.82459605,2.785923754,2829.875,3243.049746,
1865965,4.271483411,0,3197.540658,3.417186729,2.5606469,2833.435,3248.418884,
1865965,5.012231834,0,3201.9961,4.009785467,2.369077307,2837.295,3254.528757,
1865965,5.752959451,0,3207.192278,4.602367561,2.204176334,2841.455,3261.379378,
1865965,6.493704572,0,3213.129192,5.194963658,2.060737527,2845.915,3268.970739,
1865965,7.234453912,0,3219.806851,5.78756313,1.896207585,2850.725,3277.302834,
1865965,7.975181653,0,3227.225251,6.380145322,1.756007394,2855.935,3286.109219,
1865965,8.715926792,0,3235.384386,6.972741434,1.635111876,2861.545,3294.986942,
1865965,8.865481009,0,3244.071606,7.092384807,1.52979066,2867.555,3303.87432,
1865965,8.885720976,0,3252.918799,7.108576781,1.437216339,2873.965,3312.763004,
1865965,8.888460158,0,3261.800096,7.110768126,1.355206847,2880.775,3321.651865,
1865965,8.888830867,0,3270.687694,7.111064694,1.374819103,2887.735,3330.540751,
1865965,8.888881036,0,3279.576372,7.111104829,1.395007342,2894.595,3339.429639,
1865965,8.888887826,0,3288.465228,7.111110261,1.415797317,2901.355,3348.318528,
1865965,8.888888745,0,3297.354111,7.111110996,1.437216339,2908.015,3357.207417,
1865965,8.888888869,0,3306.242999,7.111111095,1.459293395,2914.575,3366.096306,
1865965,8.888888886,0,3315.131888,7.111111109,1.482059282,2921.035,3374.985194,
1865965,8.888888889,0,3324.020777,7.111111111,1.505546751,2927.395,3383.874083,
1865965,8.888888889,0,3332.909666,7.111111111,1.554828151,2933.605,3392.762972,
1865965,8.888888889,0,3341.798555,7.111111111,1.607445008,2939.615,3401.651861,
1865965,8.888888889,0,3350.687444,7.111111111,1.663747811,2945.425,3410.54075,
1865965,8.888888889,0,3359.576333,7.111111111,1.724137931,2951.035,3419.429639,
1865965,8.888888889,0,3368.465222,7.111111111,1.789077213,2956.445,3428.318528,
1865965,8.888888889,0,3377.35411,7.111111111,1.859099804,2961.655,3437.207417,
1865965,8.888888889,0,3386.242999,7.111111111,1.934826884,2966.665,3446.096306,
1865965,8.888888889,0,3395.131888,7.111111111,2.016985138,2971.475,3454.985194,
1865965,8.888888889,0,3404.020777,7.111111111,2.154195011,2976.035,3463.874083,
1865965,8.888888889,0,3412.909666,7.111111111,2.311435523,2980.295,3472.762972,
1865965,8.888888889,0,3421.798555,7.111111111,2.49343832,2984.255,3481.651861,
1865965,8.888888889,0,3430.687444,7.111111111,2.706552707,2987.915,3490.54075,
1865965,8.888888889,0,3439.576333,7.111111111,2.959501558,2991.275,3499.13896,
1865965,8.888888889,0,3448.465222,7.111111111,3.264604811,2994.335,3507.00691,
1865965,8.243954799,0,3457.122119,6.595163839,3.639846743,2997.095,3514.077309,
1865965,7.45795132,0,3465.145448,5.966361056,4.112554113,2999.555,3520.34105,
1865965,6.652856171,0,3472.397898,5.322284937,4.97382199,3001.665,3525.7969,
1865965,5.845177244,0,3478.849139,4.676141795,6.291390728,3003.375,3530.444704,
1865965,5.037148641,0,3484.493475,4.029718913,8.558558559,3004.685,3534.284442,
1865965,4.229094884,0,3489.329929,3.383275907,13.38028169,3005.595,3537.3161,
1865965,3.421017403,0,3493.358344,2.736813922,30.64516129,3006.105,3539.539675,
1865965,2.612934861,0,3496.578685,2.090347889,30.64516129,3006.415,3540.955167,
1865965,1.804851635,0,3498.990945,1.443881308,30.64516129,3006.725,3541.562576,
1865965,0.996768316,0,3500.595122,0.797414653,30.64516129,3007.035,3541.652579,
1865965,0.188684985,0,3501.391215,0.150947988,30.64516129,3007.345,3541.66476,
1865965,0.025535742,0,3501.611217,0.020428594,30.64516129,3007.655,3541.666409,
1865965,0.003455888,0,3501.656703,0.00276471,30.64516129,3007.965,3541.666632,
1865965,4.68E-04,0,3501.664985,0.0003744,30.64516129,3008.275,3541.666662,
1865965,6.33E-05,0,3501.666394,0.00005064,30.64516129,3008.585,3541.666666,
1865965,8.57E-06,0,3501.666624,0.000006856,30.64516129,3008.895,3541.666666,
1865965,1.16E-06,0,3501.66666,0.000000928,30.64516129,3009.205,3541.666667,
1865965,1.57E-07,0,3501.666666,1.256E-07,30.64516129,3009.515,3541.666667,
1865965,2.12E-08,0,3501.666666,1.696E-08,30.64516129,3009.825,3541.666667,
1865965,2.87E-09,0,3501.666666,2.296E-09,30.64516129,3010.135,3541.666667,
1865965,3.89E-10,0,3501.666667,3.112E-10,30.64516129,3010.445,3541.666667,
1865965,5.26E-11,0,3501.666667,4.208E-11,30.64516129,3010.755,3541.666667,
1865965,7.13E-12,0,3501.666667,5.704E-12,30.64516129,3011.065,3541.666667,
1865965,9.69E-13,0,3501.666667,7.752E-13,18.62745098,3011.475,3541.666667,
1865965,1.36E-13,0,3501.666667,1.088E-13,13.38028169,3012.085,3541.666667,
1865965,2.28E-14,0,3501.666667,1.824E-14,10.43956044,3012.895,3541.666667,
1865965,7.50E-15,0,3501.666667,6E-15,8.558558559,3013.905,3541.666667,
1865965,5.43E-15,0,3501.666667,4.344E-15,7.251908397,3015.115,3541.666667,
1865965,5.15E-15,0,3501.666667,4.12E-15,6.291390728,3016.525,3541.666667,
1865965,5.11E-15,0,3501.666667,4.088E-15,5.555555556,3018.135,3541.666667,
1865965,5.11E-15,0,3501.666667,4.088E-15,4.97382199,3019.945,3541.858824,
1865965,5.11E-15,0,3501.666667,4.088E-15,4.502369668,3021.955,3542.533729,
1865965,0.426342425,0,3501.820028,0.34107394,3.941908714,3024.215,3543.735857,
1865965,0.945940682,0,3502.392218,0.756752546,3.505535055,3026.775,3545.471221,
1865965,1.478137578,0,3503.474,1.182510062,3.156146179,3029.635,3547.74065,
1865965,2.012059834,0,3505.085419,1.609647867,2.870090634,3032.795,3550.544256,
1865965,2.546217442,0,3507.230248,2.036973954,2.631578947,3036.255,3553.882045,
1865965,3.080406901,0,3509.909142,2.464325521,2.429667519,3040.015,3557.754012,
1865965,3.614578501,0,3513.122203,2.891662801,2.256532067,3044.075,3562.160171,
1865965,4.148768005,0,3516.869441,3.319014404,2.106430155,3048.435,3567.100524,
1865965,4.682961781,0,3521.150869,3.746369425,1.934826884,3053.145,3572.575062,
1865965,5.217156135,0,3525.96649,4.173724908,1.789077213,3058.255,3578.583779,
1865965,5.751328398,0,3531.316297,4.601062718,1.663747811,3063.765,3585.126688,
1865965,6.285517991,0,3537.200284,5.028414393,1.554828151,3069.675,3592.203792,
1865965,6.819711779,0,3543.618462,5.455769423,1.459293395,3075.985,3599.815089,
1865965,7.353906135,0,3550.570832,5.883124908,1.374819103,3082.695,3607.960572,
1865965,7.888100567,0,3558.057397,6.310480454,1.395007342,3089.555,3616.640233,
1865965,8.422272841,0,3566.078149,6.737818273,1.415797317,3096.315,3625.854087,
1865965,8.956462436,0,3574.633081,7.165169949,1.437216339,3102.975,3635.602135,
1865965,9.490656224,0,3583.722203,7.592524979,1.459293395,3109.535,3645.884367,
1865965,10.02485058,0,3593.345518,8.019880464,1.482059282,3115.995,3656.700778,
1865965,10.55902284,0,3603.503019,8.447218272,1.505546751,3122.355,3668.051382,
1865965,11.09321244,0,3614.194702,8.874569952,1.52979066,3128.615,3679.93618,
1865965,11.62740622,0,3625.420573,9.301924976,1.580698835,3134.725,3692.355162,
1865965,12.16160058,0,3637.180639,9.729280464,1.635111876,3140.635,3705.308323,
1865965,12.69577284,0,3649.47489,10.15661827,1.693404635,3146.345,3718.795677,
1865965,13.22996244,0,3662.303322,10.58396995,1.756007394,3151.855,3732.625068,
1865965,13.76415622,0,3675.665944,11.01132498,1.823416507,3157.165,3746.505904,
1865965,13.87200815,0,3689.409398,11.09760652,1.896207585,3162.275,3760.393704,
1865965,13.88660433,0,3703.268218,11.10928346,1.975051975,3167.185,3774.282445,
1865965,13.88857971,0,3717.151631,11.11086377,2.060737527,3171.895,3788.171314,
1865965,13.88884705,0,3731.039589,11.11107764,2.204176334,3176.355,3802.0602,
1865965,13.88888323,0,3744.928326,11.11110658,2.369077307,3180.515,3815.949089,
1865965,13.88888812,0,3758.817191,11.1111105,2.5606469,3184.375,3829.837977,
1865965,13.88888879,0,3772.706076,11.11111103,2.785923754,3187.935,3843.726866,
1865965,13.88888887,0,3786.594964,11.1111111,3.054662379,3191.195,3857.615755,
1865965,13.88888889,0,3800.483853,11.11111111,3.380782918,3194.155,3871.504644,
1865965,13.88888889,0,3814.372742,11.11111111,3.784860558,3196.815,3885.393533,
1865965,13.88888889,0,3828.261631,11.11111111,4.298642534,3199.175,3899.095071,
1865965,13.88888889,0,3842.15052,11.11111111,5.248618785,3201.185,3912.325935,
1865965,13.47321001,0,3855.889883,10.77856801,6.737588652,3202.795,3925.042754,
1865965,12.96660779,0,3869.220894,10.37328623,9.405940594,3204.005,3937.239658,
1865965,12.44770043,0,3882.05505,9.958160344,15.57377049,3204.815,3948.915853,
1865965,11.92712775,0,3894.372803,9.5417022,45.23809524,3205.225,3960.071232,
1865965,11.40632969,0,3906.170483,9.125063752,45.23809524,3205.435,3970.70578,
1865965,10.88550113,0,3917.447454,8.708400904,45.23809524,3205.645,3980.819494,
1865965,10.36466844,0,3928.203611,8.291734752,45.23809524,3205.855,3990.599727,
1865965,9.843835198,0,3938.438939,7.875068158,45.23809524,3206.065,4000.3298,
1865965,9.738680752,0,3948.302958,7.790944602,45.23809524,3206.275,4010.053085,
1865965,9.724449643,0,3958.054498,7.779559714,45.23809524,3206.485,4019.775451,
1865965,9.722523671,0,3967.782058,7.778018937,45.23809524,3206.695,4029.497692,
1865965,9.722263019,0,3977.505188,7.777810415,45.23809524,3206.905,4039.219917,
1865965,9.722227743,0,3987.227558,7.777782194,45.23809524,3207.115,4048.94214,
1865965,9.722222969,0,3996.949804,7.777778375,45.23809524,3207.325,4058.664362,
1865965,9.722222323,0,4006.67203,7.777777858,45.23809524,3207.535,4068.386584,
1865965,9.722222236,0,4016.394253,7.777777789,45.23809524,3207.745,4078.108806,
1865965,9.722222224,0,4026.116475,7.777777779,45.23809524,3207.955,4087.831029,
1865965,9.722222222,0,4035.838697,7.777777778,45.23809524,3208.165,4097.553251,
1865965,9.722222222,0,4045.560919,7.777777778,45.23809524,3208.375,4107.275473,
1865965,9.722222222,0,4055.283142,7.777777778,45.23809524,3208.585,4116.997695,
1865965,9.722222222,0,4065.005364,7.777777778,23.17073171,3208.895,4126.719918,
1865965,9.722222222,0,4074.727586,7.777777778,15.57377049,3209.405,4136.092418,
1865965,9.722222222,0,4084.449808,7.777777778,11.72839506,3210.115,4144.586327,
1865965,8.94628832,0,4093.892916,7.157030656,9.405940594,3211.025,4152.120685,
1865965,8.000630839,0,4102.573766,6.400504671,7.851239669,3212.135,4158.684536,
1865965,7.032003765,0,4110.327154,5.625603012,6.737588652,3213.445,4164.276397,
1865965,6.060268093,0,4117.116589,4.848214474,5.900621118,3214.955,4168.896067,
1865965,5.088111718,0,4122.935221,4.070489374,5.248618785,3216.665,4172.543519,
1865965,4.115898408,0,4127.781863,3.292718726,4.726368159,3218.575,4175.218749,
1865965,3.143677391,0,4131.65632,2.514941913,4.112554113,3220.735,4176.921758,
1865965,2.171455332,0,4134.55856,1.737164266,3.639846743,3223.195,4177.652544,
1865965,1.199233132,0,4136.488579,0.959386506,3.264604811,3225.955,4177.760829,
1865965,0.227010913,0,4137.446376,0.18160873,2.959501558,3229.015,4177.775484,
1865965,0.030722593,0,4137.711065,0.024578074,2.706552707,3232.375,4177.777467,
1865965,0.004157852,0,4137.76579,0.003326282,2.49343832,3236.035,4177.777736,
1865965,5.63E-04,0,4137.775755,0.0004504,2.311435523,3239.995,4177.777772,
1865965,7.62E-05,0,4137.77745,0.00006096,2.154195011,3244.255,4177.777777,
1865965,1.03E-05,0,4137.777726,0.00000824,1.975051975,3248.865,4177.777778,
1865965,1.39E-06,0,4137.77777,0.000001112,1.823416507,3253.875,4177.777778,
1865965,1.89E-07,0,4137.777776,1.512E-07,1.693404635,3259.285,4177.777778,
1865965,2.55E-08,0,4137.777777,2.04E-08,1.580698835,3265.095,4177.777778,
1865965,3.46E-09,0,4137.777778,2.768E-09,1.482059282,3271.305,4177.777778,
1865965,4.68E-10,0,4137.777778,3.744E-10,1.395007342,3277.915,4177.777778,
1865965,6.33E-11,0,4137.777778,5.064E-11,1.415797317,3284.675,4177.777778,
1865965,8.58E-12,0,4137.777778,6.864E-12,1.437216339,3291.335,4177.777778,
1865965,1.17E-12,0,4137.777778,9.36E-13,1.459293395,3297.895,4177.777778,
1865965,1.63E-13,0,4137.777778,1.304E-13,1.482059282,3304.355,4177.777778,
1865965,2.68E-14,0,4137.777778,2.144E-14,1.505546751,3310.715,4177.777778,
1865965,8.43E-15,0,4137.777778,6.744E-15,1.52979066,3316.975,4177.777778,
1865965,5.94E-15,0,4137.777778,4.752E-15,1.554828151,3323.135,4177.777778,
1865965,5.60E-15,0,4137.777778,4.48E-15,1.607445008,3329.145,4177.777778,
1865965,5.56E-15,0,4137.777778,4.448E-15,1.663747811,3334.955,4177.777778,
1865965,5.55E-15,0,4137.777778,4.44E-15,1.724137931,3340.565,4177.777778,
1865965,5.55E-15,0,4137.777778,4.44E-15,1.789077213,3345.975,4177.777778,
1865965,5.55E-15,0,4137.777778,4.44E-15,1.859099804,3351.185,4177.777778,
1865965,5.55E-15,0,4137.777778,4.44E-15,1.934826884,3356.195,4177.777778,
1865965,5.55E-15,0,4137.777778,4.44E-15,2.016985138,3361.005,4177.777778,
1865965,5.55E-15,0,4137.777778,4.44E-15,2.106430155,3365.615,4177.777778,
1865965,5.55E-15,0,4137.777778,4.44E-15,2.256532067,3369.975,4177.948372,
1865965,5.55E-15,0,4137.777778,4.44E-15,2.429667519,3374.035,4178.547543,
1865965,0.378500557,0,4137.913929,0.302800446,2.631578947,3377.795,4179.614793,
1865965,0.839792277,0,4138.421911,0.671833822,2.870090634,3381.255,4181.155472,
1865965,1.312310733,0,4139.382317,1.049848586,3.156146179,3384.415,4183.17029,
1865965,1.786328243,0,4140.812952,1.429062594,3.505535055,3387.275,4185.659342,
1865965,2.260546779,0,4142.71715,1.808437423,3.941908714,3389.835,4188.622643,
1865965,2.734792521,0,4145.095485,2.187834017,4.502369668,3392.095,4192.060193,
1865965,3.209041944,0,4147.948053,2.567233555,5.248618785,3394.055,4195.972004,
1865965,3.683291866,0,4151.274868,2.946633493,6.291390728,3395.715,4200.358079,
1865965,4.157564025,0,4155.07594,3.32605122,7.851239669,3397.075,4205.218407,
1865965,4.631818873,0,4159.351277,3.705455098,7.851239669,3398.285,4210.552985,
1865965,5.106069529,0,4164.100867,4.084855623,7.851239669,3399.495,4216.361813,
1865965,5.580319618,0,4169.324709,4.464255694,7.851239669,3400.705,4222.644891,
1865965,6.05456963,0,4175.022802,4.843655704,7.851239669,3401.915,4229.402229,
1865965,6.528819632,0,4181.195144,5.223055706,7.851239669,3403.125,4236.633833,
1865965,7.003091801,0,4187.841744,5.602473441,7.851239669,3404.335,4244.339688,
1865965,7.477346651,0,4194.962608,5.981877321,7.851239669,3405.545,4252.519794,
1865965,7.951597307,0,4202.557727,6.361277846,7.851239669,3406.755,4261.17415,
1865965,8.425847396,0,4210.627096,6.740677917,7.851239669,3407.965,4270.302756,
1865965,8.900097408,0,4219.170716,7.120077926,7.851239669,3409.175,4279.905622,
1865965,9.374347409,0,4228.188586,7.499477927,7.851239669,3410.385,4289.982753,
1865965,9.848619579,0,4237.680714,7.878895663,7.851239669,3411.595,4300.534136,
1865965,10.32287443,0,4247.647106,8.258299544,7.851239669,3412.805,4311.55977,
1865965,10.79712508,0,4258.087753,8.637700064,7.851239669,3414.015,4323.059653,
1865965,11.27137517,0,4269.00265,9.017100136,7.851239669,3415.225,4335.033787,
1865965,11.74562519,0,4280.391798,9.396500152,7.851239669,3416.435,4347.482181,
1865965,12.21987519,0,4292.255196,9.775900152,7.851239669,3417.645,4360.40484,
1865965,12.69414736,0,4304.592851,10.15531789,7.851239669,3418.855,4373.801751,
1865965,13.16840221,0,4317.404771,10.53472177,6.737588652,3420.165,4387.672912,
1865965,13.64265286,0,4330.690945,10.91412229,5.900621118,3421.675,4402.018324,
1865965,14.11690295,0,4344.451371,11.29352236,5.248618785,3423.385,4416.837985,
1865965,14.59115296,0,4358.686046,11.67292237,4.726368159,3425.295,4432.131907,
1865965,15.06540297,0,4373.394972,12.05232238,4.298642534,3427.405,4447.900093,
1865965,15.53967513,0,4388.578155,12.4317401,3.941908714,3429.715,4464.142532,
1865965,16.01392998,0,4404.235602,12.81114398,3.639846743,3432.225,4480.859221,
1865965,16.48818064,0,4420.367304,13.19054451,3.380782918,3434.935,4498.05016,
1865965,16.96243073,0,4436.973258,13.56994458,3.156146179,3437.845,4515.71535,
1865965,17.43668074,0,4454.053461,13.94934459,2.870090634,3441.005,4533.854799,
1865965,17.91093074,0,4471.607914,14.32874459,2.631578947,3444.465,4552.468513,
1865965,18.38520291,0,4489.636625,14.70816233,2.429667519,3448.225,4571.55648,
1865965,18.85945776,0,4508.139601,15.08756621,2.256532067,3452.285,4590.948103,
1865965,19.33370842,0,4527.11683,15.46696674,2.106430155,3456.645,4610.385398,
1865965,19.42945795,0,4546.432159,15.54356636,1.975051975,3461.305,4629.828875,
1865965,19.44241624,0,4565.849909,15.55393299,1.859099804,3466.265,4649.273189,
1865965,19.44416996,0,4585.289492,15.55533597,1.756007394,3471.525,4668.717616,
1865965,19.4444073,0,4604.73311,15.55552584,1.635111876,3477.135,4688.162058,
1865965,19.44443942,0,4624.17742,15.55555154,1.52979066,3483.145,4707.606502,
1865965,19.44444376,0,4643.621843,15.55555501,1.437216339,3489.555,4727.050946,
1865965,19.44444435,0,4663.066284,15.55555548,1.355206847,3496.365,4746.495391,
1865965,19.44444443,0,4682.510728,15.55555554,1.282051282,3503.575,4765.939835,
1865965,19.44444444,0,4701.955172,15.55555555,1.216389245,3511.185,4785.38428,
1865965,19.44444444,0,4721.399617,15.55555555,1.232166018,3518.945,4804.828724,
1865965,19.44444444,0,4740.844061,15.55555555,1.248357424,3526.605,4824.273168,
1865965,19.44444444,0,4760.288506,15.55555555,1.264980027,3534.165,4843.717613,
1865965,19.44444444,0,4779.73295,15.55555555,1.282051282,3541.625,4863.162057,
1865965,19.44444444,0,4799.177395,15.55555555,1.299589603,3548.985,4882.606502,
1865965,19.44444444,0,4818.621839,15.55555555,1.317614424,3556.245,4902.050946,
1865965,19.44444444,0,4838.066283,15.55555555,1.336146273,3563.405,4921.495391,
1865965,19.44444444,0,4857.510728,15.55555555,1.374819103,3570.415,4940.939835,
1865965,19.44444444,0,4876.955172,15.55555555,1.415797317,3577.225,4960.38428,
1865965,19.44444444,0,4896.399617,15.55555555,1.459293395,3583.835,4979.828724,
1865965,19.44444444,0,4915.844061,15.55555555,1.505546751,3590.245,4999.273168,
1865965,19.44444444,0,4935.288506,15.55555555,1.554828151,3596.455,5018.717613,
1865965,19.44444444,0,4954.73295,15.55555555,1.607445008,3602.465,5038.162057,
1865965,19.44444444,0,4974.177395,15.55555555,1.663747811,3608.275,5057.606502,
1865965,19.44444444,0,4993.621839,15.55555555,1.724137931,3613.885,5077.050946,
1865965,19.44444444,0,5013.066283,15.55555555,1.823416507,3619.245,5096.495391,
1865965,19.44444444,0,5032.510728,15.55555555,1.934826884,3624.305,5115.939835,
1865965,19.44444444,0,5051.955172,15.55555555,2.060737527,3629.065,5135.38428,
1865965,19.44444444,0,5071.399617,15.55555555,2.204176334,3633.525,5154.828724,
1865965,19.44444444,0,5090.844061,15.55555555,2.369077307,3637.685,5174.273168,
1865965,19.44444444,0,5110.288506,15.55555555,2.5606469,3641.545,5193.717613,
1865965,19.44444444,0,5129.73295,15.55555555,2.785923754,3645.105,5213.162057,
1865965,19.44444444,0,5149.177395,15.55555555,3.054662379,3648.365,5232.606502,
1865965,19.44444444,0,5168.621839,15.55555555,3.505535055,3651.275,5252.050946,
1865965,19.44444444,0,5188.066283,15.55555555,4.112554113,3653.785,5271.495391,
1865965,19.44444444,0,5207.510728,15.55555555,4.97382199,3655.895,5290.939835,
1865965,19.44444444,0,5226.955172,15.55555555,6.291390728,3657.605,5310.38428,
1865965,19.44444444,0,5246.399617,15.55555555,8.558558559,3658.915,5329.828724,
1865965,19.44444444,0,5265.844061,15.55555555,8.558558559,3660.025,5349.273168,
1865965,19.44444444,0,5285.288506,15.55555555,8.558558559,3661.135,5368.717613,
1865965,19.44444444,0,5304.73295,15.55555555,8.558558559,3662.245,5388.162057,
1865965,19.44444444,0,5324.177395,15.55555555,8.558558559,3663.355,5407.606502,
1865965,19.44444444,0,5343.621839,15.55555555,8.558558559,3664.465,5427.050946,
1865965,19.44444444,0,5363.066283,15.55555555,8.558558559,3665.575,5446.495391,
1865965,19.44444444,0,5382.510728,15.55555555,8.558558559,3666.685,5465.939835,
1865965,19.44444444,0,5401.955172,15.55555555,8.558558559,3667.795,5485.38428,
1865965,19.44444444,0,5421.399617,15.55555555,8.558558559,3668.905,5504.828724,
1865965,19.44444444,0,5440.844061,15.55555555,8.558558559,3670.015,5524.273168,
1865965,19.44444444,0,5460.288506,15.55555555,8.558558559,3671.125,5543.717613,
1865965,19.44444444,0,5479.73295,15.55555555,8.558558559,3672.235,5562.912256,
1865965,19.44444444,0,5499.177395,15.55555555,8.558558559,3673.345,5581.479334,
1865965,18.89020594,0,5518.422472,15.11216475,8.558558559,3674.455,5599.361018,
1865965,18.21473631,0,5537.123078,14.57178905,8.558558559,3675.565,5616.549483,
1865965,17.52285983,0,5555.161213,14.01828786,8.558558559,3676.675,5633.04367,
1865965,16.82876292,0,5572.510809,13.46301034,7.251908397,3677.885,5648.843434,
1865965,16.13436551,0,5589.166975,12.90749241,6.291390728,3679.295,5663.948757,
1865965,15.43992743,0,5605.128862,12.35194194,5.555555556,3680.905,5678.359636,
1865965,14.74548385,0,5620.396331,11.79638708,4.97382199,3682.715,5692.325871,
1865965,14.05103952,0,5634.96936,11.24083162,4.502369668,3684.725,5706.225228,
1865965,13.9108336,0,5649.047312,11.12866688,4.112554113,3686.935,5720.115533,
1865965,13.89185878,0,5662.975291,11.11348702,3.784860558,3689.345,5734.004614,
1865965,13.88929082,0,5676.871297,11.11143266,3.505535055,3691.955,5747.893529,
1865965,13.88894328,0,5690.761397,11.11115462,3.264604811,3694.765,5761.782421,
1865965,13.88889625,0,5704.650483,11.111117,2.959501558,3697.825,5775.671311,
1865965,13.88888989,0,5718.539403,11.11111191,2.706552707,3701.185,5789.5602,
1865965,13.88888902,0,5732.428297,11.11111122,2.49343832,3704.845,5803.449089,
1865965,13.88888891,0,5746.317186,11.11111113,2.311435523,3708.805,5817.337977,
1865965,13.88888889,0,5760.206075,11.11111111,2.154195011,3713.065,5831.226866,
1865965,13.88888889,0,5774.094964,11.11111111,2.016985138,3717.625,5845.115755,
1865965,13.88888889,0,5787.983853,11.11111111,1.896207585,3722.485,5859.004644,
1865965,13.88888889,0,5801.872742,11.11111111,1.789077213,3727.645,5872.893533,
1865965,13.88888889,0,5815.761631,11.11111111,1.663747811,3733.155,5886.782422,
1865965,13.88888889,0,5829.65052,11.11111111,1.554828151,3739.065,5900.671311,
1865965,13.88888889,0,5843.539409,11.11111111,1.459293395,3745.375,5914.5602,
1865965,13.88888889,0,5857.428298,11.11111111,1.374819103,3752.085,5928.449089,
1865965,13.88888889,0,5871.317187,11.11111111,1.299589603,3759.195,5942.337977,
1865965,13.88888889,0,5885.206075,11.11111111,1.232166018,3766.705,5956.226866,
1865965,13.88888889,0,5899.094964,11.11111111,1.248357424,3774.365,5970.115755,
1865965,13.88888889,0,5912.983853,11.11111111,1.264980027,3781.925,5984.004644,
1865965,13.88888889,0,5926.872742,11.11111111,1.282051282,3789.385,5997.893533,
1865965,13.88888889,0,5940.761631,11.11111111,1.299589603,3796.745,6011.782422,
1865965,13.88888889,0,5954.65052,11.11111111,1.317614424,3804.005,6025.671311,
1865965,13.88888889,0,5968.539409,11.11111111,1.336146273,3811.165,6039.5602,
1865965,13.88888889,0,5982.428298,11.11111111,1.355206847,3818.225,6053.449089,
1865965,13.88888889,0,5996.317187,11.11111111,1.395007342,3825.135,6067.337977,
1865965,13.88888889,0,6010.206075,11.11111111,1.437216339,3831.845,6081.226866,
1865965,13.88888889,0,6024.094964,11.11111111,1.482059282,3838.355,6095.115755,
1865965,13.88888889,0,6037.983853,11.11111111,1.52979066,3844.665,6109.004644,
1865965,13.88888889,0,6051.872742,11.11111111,1.580698835,3850.775,6122.893533,
1865965,13.88888889,0,6065.761631,11.11111111,1.635111876,3856.685,6136.782422,
1865965,13.88888889,0,6079.65052,11.11111111,1.693404635,3862.395,6150.671311,
1865965,13.88888889,0,6093.539409,11.11111111,1.756007394,3867.905,6164.5602,
1865965,13.88888889,0,6107.428298,11.11111111,1.859099804,3873.165,6178.449089,
1865965,13.88888889,0,6121.317187,11.11111111,1.975051975,3878.125,6192.337977,
1865965,13.88888889,0,6135.206075,11.11111111,2.106430155,3882.785,6206.226866,
1865965,13.88888889,0,6149.094964,11.11111111,2.256532067,3887.145,6220.115755,
1865965,13.88888889,0,6162.983853,11.11111111,2.429667519,3891.205,6234.004644,
1865965,13.88888889,0,6176.872742,11.11111111,2.631578947,3894.965,6247.893533,
1865965,13.88888889,0,6190.761631,11.11111111,2.870090634,3898.425,6261.782422,
1865965,13.88888889,0,6204.65052,11.11111111,3.156146179,3901.585,6275.671311,
1865965,13.88888889,0,6218.539409,11.11111111,3.639846743,3904.395,6289.5602,
1865965,13.88888889,0,6232.428298,11.11111111,4.298642534,3906.805,6303.449089,
1865965,13.88888889,0,6246.317187,11.11111111,5.248618785,3908.815,6317.337977,
1865965,13.88888889,0,6260.206075,11.11111111,6.737588652,3910.425,6331.226866,
1865965,13.88888889,0,6274.094964,11.11111111,9.405940594,3911.635,6345.115755,
1865965,13.88888889,0,6287.983853,11.11111111,9.405940594,3912.645,6359.004644,
1865965,13.88888889,0,6301.872742,11.11111111,9.405940594,3913.655,6372.893533,
1865965,13.88888889,0,6315.761631,11.11111111,9.405940594,3914.665,6386.782422,
1865965,13.88888889,0,6329.65052,11.11111111,9.405940594,3915.675,6400.671311,
1865965,13.88888889,0,6343.539409,11.11111111,9.405940594,3916.685,6414.5602,
1865965,13.88888889,0,6357.428298,11.11111111,9.405940594,3917.695,6428.449089,
1865965,13.88888889,0,6371.317187,11.11111111,9.405940594,3918.705,6442.337977,
1865965,13.88888889,0,6385.206075,11.11111111,9.405940594,3919.715,6456.226866,
1865965,13.88888889,0,6399.094964,11.11111111,9.405940594,3920.725,6470.115755,
1865965,13.88888889,0,6412.983853,11.11111111,9.405940594,3921.735,6484.004644,
1865965,13.88888889,0,6426.872742,11.11111111,9.405940594,3922.745,6497.893533,
1865965,13.88888889,0,6440.761631,11.11111111,9.405940594,3923.755,6511.782422,
1865965,13.88888889,0,6454.65052,11.11111111,9.405940594,3924.765,6525.671311,
1865965,13.88888889,0,6468.539409,11.11111111,9.405940594,3925.775,6539.5602,
1865965,13.88888889,0,6482.428298,11.11111111,9.405940594,3926.785,6553.449089,
1865965,13.88888889,0,6496.317187,11.11111111,9.405940594,3927.795,6567.337977,
1865965,13.88888889,0,6510.206075,11.11111111,7.851239669,3928.905,6581.226866,
1865965,13.88888889,0,6524.094964,11.11111111,6.737588652,3930.215,6595.115755,
1865965,13.88888889,0,6537.983853,11.11111111,5.900621118,3931.725,6609.004644,
1865965,13.88888889,0,6551.872742,11.11111111,5.248618785,3933.435,6622.893533,
1865965,13.88888889,0,6565.761631,11.11111111,4.726368159,3935.345,6636.782422,
1865965,13.88888889,0,6579.65052,11.11111111,4.298642534,3937.455,6650.825188,
1865965,13.88888889,0,6593.539409,11.11111111,3.941908714,3939.765,6665.254535,
1865965,14.23029981,0,6607.551108,11.38423985,3.639846743,3942.275,6680.106084,
1865965,14.6463891,0,6621.898201,11.71711128,3.380782918,3944.985,6695.383657,
1865965,15.07258501,0,6636.653377,12.05806801,3.054662379,3947.945,6711.087395,
1865965,15.49793175,0,6651.831894,12.3983454,2.785923754,3951.205,6727.218665,
1865965,15.92519563,0,6667.436185,12.7401565,2.5606469,3954.765,6743.77768,
1865965,16.35290386,0,6683.46768,13.08232309,2.369077307,3958.625,6760.764468,
1865965,16.78067223,0,6699.926831,13.42453778,2.204176334,3962.785,6778.179034,
1865965,17.20844873,0,6716.813738,13.76675898,2.060737527,3967.245,6796.020377,
1865965,17.63622634,0,6734.128419,14.10898107,1.934826884,3972.005,6814.287988,
1865965,18.06178714,0,6751.87008,14.44942971,1.823416507,3977.065,6832.983145,
1865965,18.48907999,0,6770.038138,14.79126399,1.693404635,3982.475,6852.106048,
1865965,18.91679214,0,6788.633502,15.13343371,1.580698835,3988.285,6871.502848,
1865965,19.34456103,0,6807.65654,15.47564882,1.482059282,3994.495,6890.940844,
1865965,19.43092669,0,6826.984525,15.54474135,1.395007342,4001.105,6910.384416,
1865965,19.44261502,0,6846.404891,15.55409202,1.317614424,4008.115,6929.828742,
1865965,19.44419686,0,6865.844951,15.55535749,1.248357424,4015.525,6949.273171,
1865965,19.44441094,0,6885.28865,15.55552875,1.264980027,4023.085,6968.717613,
1865965,19.44443991,0,6904.732973,15.55555193,1.282051282,4030.545,6988.162057,
1865965,19.44444383,0,6924.177398,15.55555506,1.299589603,4037.905,7007.606502,
1865965,19.44444436,0,6943.62184,15.55555549,1.317614424,4045.165,7027.050946,
1865965,19.44444443,0,6963.066284,15.55555554,1.336146273,4052.325,7046.495391,
1865965,19.44444444,0,6982.510728,15.55555555,1.355206847,4059.385,7065.939835,
1865965,19.44444444,0,7001.955172,15.55555555,1.374819103,4066.345,7085.38428,
1865965,19.44444444,0,7021.399617,15.55555555,1.415797317,4073.155,7104.828724,
1865965,19.44444444,0,7040.844061,15.55555555,1.459293395,4079.765,7124.273168,
1865965,19.44444444,0,7060.288506,15.55555555,1.505546751,4086.175,7143.717613,
1865965,19.44444444,0,7079.73295,15.55555555,1.554828151,4092.385,7163.162057,
1865965,19.44444444,0,7099.177395,15.55555555,1.607445008,4098.395,7182.606502,
1865965,19.44444444,0,7118.621839,15.55555555,1.663747811,4104.205,7202.050946,
1865965,19.44444444,0,7138.066283,15.55555555,1.724137931,4109.815,7221.495391,
1865965,19.44444444,0,7157.510728,15.55555555,1.789077213,4115.225,7240.939835,
1865965,19.44444444,0,7176.955172,15.55555555,1.896207585,4120.385,7260.38428,
1865965,19.44444444,0,7196.399617,15.55555555,2.016985138,4125.245,7279.828724,
1865965,19.44444444,0,7215.844061,15.55555555,2.154195011,4129.805,7299.273168,
1865965,19.44444444,0,7235.288506,15.55555555,2.311435523,4134.065,7318.717613,
1865965,19.44444444,0,7254.73295,15.55555555,2.49343832,4138.025,7338.162057,
1865965,19.44444444,0,7274.177395,15.55555555,2.706552707,4141.685,7357.606502,
1865965,19.44444444,0,7293.621839,15.55555555,2.959501558,4145.045,7377.050946,
1865965,19.44444444,0,7313.066283,15.55555555,3.264604811,4148.105,7396.495391,
1865965,19.44444444,0,7332.510728,15.55555555,3.784860558,4150.815,7415.939835,
1865965,19.44444444,0,7351.955172,15.55555555,4.502369668,4153.125,7435.38428,
1865965,19.44444444,0,7371.399617,15.55555555,5.555555556,4155.035,7454.828724,
1865965,19.44444444,0,7390.844061,15.55555555,7.251908397,4156.545,7474.273168,
1865965,19.44444444,0,7410.288506,15.55555555,8.558558559,4157.755,7493.717613,
1865965,19.44444444,0,7429.73295,15.55555555,8.558558559,4158.865,7513.162057,
1865965,19.44444444,0,7449.177395,15.55555555,8.558558559,4159.975,7532.606502,
1865965,19.44444444,0,7468.621839,15.55555555,8.558558559,4161.085,7552.050946,
1865965,19.44444444,0,7488.066283,15.55555555,8.558558559,4162.195,7571.495391,
1865965,19.44444444,0,7507.510728,15.55555555,8.558558559,4163.305,7590.939835,
1865965,19.44444444,0,7526.955172,15.55555555,8.558558559,4164.415,7610.38428,
1865965,19.44444444,0,7546.399617,15.55555555,8.558558559,4165.525,7629.828724,
1865965,19.44444444,0,7565.844061,15.55555555,8.558558559,4166.635,7649.273168,
1865965,19.44444444,0,7585.288506,15.55555555,8.558558559,4167.745,7668.717613,
1865965,19.44444444,0,7604.73295,15.55555555,8.558558559,4168.855,7688.162057,
1865965,19.44444444,0,7624.177395,15.55555555,8.558558559,4169.965,7707.606502,
1865965,19.44444444,0,7643.621839,15.55555555,8.558558559,4171.075,7727.050946,
1865965,19.44444444,0,7663.066283,15.55555555,8.558558559,4172.185,7746.495391,
1865965,19.44444444,0,7682.510728,15.55555555,8.558558559,4173.295,7765.939835,
1865965,19.44444444,0,7701.955172,15.55555555,8.558558559,4174.405,7785.38428,
1865965,19.44444444,0,7721.399617,15.55555555,8.558558559,4175.515,7804.828724,
1865965,19.44444444,0,7740.844061,15.55555555,7.251908397,4176.725,7824.273168,
1865965,19.44444444,0,7760.288506,15.55555555,6.291390728,4178.135,7843.803545,
1865965,19.44444444,0,7779.73295,15.55555555,5.555555556,4179.745,7863.548804,
1865965,19.63510249,0,7799.245977,15.70808199,4.97382199,4181.555,7883.528328,
1865965,19.86524709,0,7818.945504,15.89219767,4.502369668,4183.565,7903.746087,
1865965,20.10276767,0,7838.871541,16.08221414,4.112554113,4185.775,7924.202648,
1865965,20.34147138,0,7859.033964,16.2731771,3.784860558,4188.185,7944.897086,
1865965,20.58033521,0,7879.434822,16.46426817,3.505535055,4190.795,7965.8289,
1865965,20.81700375,0,7900.073695,16.653603,3.264604811,4193.605,7986.999372,
1865965,21.05540726,0,7920.950064,16.84432581,2.959501558,4196.665,8008.407702,
1865965,21.29423046,0,7942.064848,17.03538437,2.706552707,4200.025,8030.053405,
1865965,21.5308935,0,7963.417618,17.2247148,2.49343832,4203.685,8051.937766,
1865965,21.76929626,0,7985.007878,17.41543701,2.311435523,4207.645,8074.060984,
1865965,22.00811936,0,8006.836551,17.60649549,2.154195011,4211.905,8096.422088,
1865965,22.24699935,0,8028.904008,17.79759948,2.016985138,4216.465,8119.020569,
1865965,22.48367008,0,8051.209537,17.98693606,1.896207585,4221.325,8141.857707,
1865965,22.72207388,0,8073.752571,18.1776591,1.789077213,4226.485,8164.932704,
1865965,22.96089712,0,8096.534021,18.3687177,1.663747811,4231.995,8188.245074,
1865965,23.19756017,0,8119.553458,18.55804814,1.554828151,4237.905,8211.796101,
1865965,23.43596293,0,8142.810385,18.74877034,1.459293395,4244.215,8235.585986,
1865965,23.67478603,0,8166.305724,18.93982882,1.374819103,4250.925,8259.613756,
1865965,23.91366601,0,8190.039848,19.13093281,1.299589603,4258.035,8283.878904,
1865965,24.15033674,0,8214.012044,19.32026939,1.232166018,4265.545,8308.382709,
1865965,24.38874054,0,8238.221744,19.51099243,1.248357424,4273.205,8333.124372,
1865965,24.62756378,0,8262.669861,19.70205102,1.264980027,4280.765,8358.103409,
1865965,24.86422683,0,8287.355965,19.89138146,1.282051282,4288.225,8383.321103,
1865965,25.1026296,0,8312.279558,20.08210368,1.299589603,4295.585,8408.777654,
1865965,25.3414527,0,8337.441565,20.27316216,1.317614424,4302.845,8434.472091,
1865965,25.58033268,0,8362.842355,20.46426614,1.336146273,4310.005,8460.403905,
1865965,25.81700341,0,8388.481217,20.65360273,1.355206847,4317.065,8486.574377,
1865965,26.05540721,0,8414.357585,20.84432577,1.395007342,4323.975,8512.982707,
1865965,26.29423045,0,8440.472368,21.03538436,1.437216339,4330.685,8539.628411,
1865965,26.5308935,0,8466.825139,21.2247148,1.482059282,4337.195,8566.512771,
1865965,26.76929626,0,8493.415398,21.41543701,1.52979066,4343.505,8593.635989,
1865965,27.00811936,0,8520.244071,21.60649549,1.580698835,4349.615,8620.997093,
1865965,27.24699935,0,8547.311529,21.79759948,1.635111876,4355.525,8648.595574,
1865965,27.48367008,0,8574.617057,21.98693606,1.693404635,4361.235,8676.346781,
1865965,27.72207388,0,8602.160091,22.1776591,1.756007394,4366.745,8704.120962,
1865965,27.77023907,0,8629.872959,22.21619126,1.859099804,4372.005,8731.898253,
1865965,27.77675752,0,8657.637314,22.22140602,1.975051975,4376.965,8759.675965,
1865965,27.7776397,0,8685.412647,22.22211176,2.106430155,4381.625,8787.453734,
1865965,27.77775909,0,8713.190009,22.22220727,2.256532067,4385.985,8815.231511,
1865965,27.77777525,0,8740.967719,22.2222202,2.429667519,4390.045,8843.009288,
1865965,27.77777744,0,8768.745486,22.22222195,2.631578947,4393.805,8870.787066,
1865965,27.77777773,0,8796.523262,22.22222218,2.870090634,4397.265,8898.564844,
1865965,27.77777777,0,8824.30104,22.22222222,3.156146179,4400.425,8926.342622,
1865965,27.77777778,0,8852.078818,22.22222222,3.639846743,4403.235,8954.120399,
1865965,27.77777778,0,8879.856596,22.22222222,4.298642534,4405.645,8981.898177,
1865965,27.77777778,0,8907.634373,22.22222222,5.248618785,4407.655,9009.675955,
1865965,27.77777778,0,8935.412151,22.22222222,6.737588652,4409.265,9037.453733,
1865965,27.77777778,0,8963.189929,22.22222222,9.405940594,4410.475,9065.231511,
1865965,27.77777778,0,8990.967707,22.22222222,9.405940594,4411.485,9093.009288,
1865965,27.77777778,0,9018.745484,22.22222222,9.405940594,4412.495,9120.787066,
1865965,27.77777778,0,9046.523262,22.22222222,9.405940594,4413.505,9148.564844,
1865965,27.77777778,0,9074.30104,22.22222222,9.405940594,4414.515,9176.342622,
1865965,27.77777778,0,9102.078818,22.22222222,9.405940594,4415.525,9204.120399,
1865965,27.77777778,0,9129.856596,22.22222222,9.405940594,4416.535,9231.898177,
1865965,27.77777778,0,9157.634373,22.22222222,9.405940594,4417.545,9259.675955,
1865965,27.77777778,0,9185.412151,22.22222222,9.405940594,4418.555,9287.453733,
1865965,27.77777778,0,9213.189929,22.22222222,9.405940594,4419.565,9315.231511,
1865965,27.77777778,0,9240.967707,22.22222222,9.405940594,4420.575,9343.009288,
1865965,27.77777778,0,9268.745484,22.22222222,9.405940594,4421.585,9370.787066,
1865965,27.77777778,0,9296.523262,22.22222222,9.405940594,4422.595,9398.564844,
1865965,27.77777778,0,9324.30104,22.22222222,9.405940594,4423.605,9426.342622,
1865965,27.77777778,0,9352.078818,22.22222222,9.405940594,4424.615,9454.120399,
1865965,27.77777778,0,9379.856596,22.22222222,9.405940594,4425.625,9481.898177,
1865965,27.77777778,0,9407.634373,22.22222222,9.405940594,4426.635,9509.775875,
1865965,27.77777778,0,9435.412151,22.22222222,9.405940594,4427.645,9537.9046,
1865965,27.99947318,0,9463.269676,22.39957854,7.851239669,4428.755,9566.307482,
1865965,28.26966103,0,9491.344989,22.61572882,6.737588652,4430.065,9594.987651,
1865965,28.54641162,0,9519.685291,22.8371293,5.900621118,4431.575,9623.945532,
1865965,28.82405039,0,9548.301007,23.05924031,5.248618785,4433.285,9653.181182,
1865965,29.10180935,0,9577.194097,23.28144748,4.726368159,4435.195,9682.694609,
1865965,29.37958458,0,9606.364897,23.50366766,4.298642534,4437.305,9712.485813,
1865965,29.65736202,0,9635.813465,23.72588962,3.941908714,4439.615,9742.554794,
1865965,29.93513975,0,9665.539809,23.9481118,3.639846743,4442.125,9772.901554,
1865965,30.21291752,0,9695.543931,24.17033402,3.380782918,4444.835,9803.526091,
1865965,30.49069529,0,9725.82583,24.39255623,3.054662379,4447.795,9834.428406,
1865965,30.76847307,0,9756.385507,24.61477846,2.785923754,4451.055,9865.608499,
1865965,31.04625085,0,9787.222962,24.83700068,2.5606469,4454.615,9897.06637,
1865965,31.32402863,0,9818.338195,25.0592229,2.369077307,4458.475,9928.802018,
1865965,31.60180641,0,9849.731205,25.28144513,2.204176334,4462.635,9960.815445,
1865965,31.87958418,0,9881.401993,25.50366734,2.060737527,4467.095,9993.106649,
1865965,32.15736196,0,9913.350559,25.72588957,1.934826884,4471.855,10025.67563,
1865965,32.43513974,0,9945.576903,25.94811179,1.823416507,4476.915,10058.52239,
1865965,32.71291752,0,9978.081024,26.17033402,1.693404635,4482.325,10091.64693,
1865965,32.99069529,0,10010.86292,26.39255623,1.580698835,4488.135,10124.94932,
1865965,33.26847307,0,10043.9226,26.61477846,1.482059282,4494.345,10158.27847,
1865965,33.32455545,0,10077.18031,26.65964436,1.395007342,4500.955,10191.61123,
1865965,33.33214538,0,10110.49801,26.6657163,1.317614424,4507.965,10224.94449,
1865965,33.33317256,0,10143.82849,26.66653805,1.248357424,4515.375,10258.27781,
1865965,33.33331158,0,10177.16134,26.66664926,1.264980027,4522.935,10291.61115,
1865965,33.33333039,0,10210.4946,26.66666431,1.282051282,4530.395,10324.94448,
1865965,33.33333293,0,10243.82792,26.66666634,1.299589603,4537.755,10358.27781,
1865965,33.33333328,0,10277.16125,26.66666662,1.317614424,4545.015,10391.61115,
1865965,33.33333333,0,10310.49458,26.66666666,1.336146273,4552.175,10424.94448,
1865965,33.33333333,0,10343.82791,26.66666666,1.355206847,4559.235,10458.02801,
1865965,33.33333333,0,10377.16125,26.66666666,1.374819103,4566.195,10490.48398,
1865965,32.77909483,0,10410.29521,26.22327586,1.415797317,4573.005,10522.25455,
1865965,32.1036252,0,10442.88471,25.68290016,1.459293395,4579.615,10553.33191,
1865965,31.41174872,0,10474.81173,25.12939898,1.505546751,4586.025,10583.71498,
1865965,30.71765181,0,10506.05022,24.57412145,1.554828151,4592.235,10613.40363,
1865965,30.0232544,0,10536.59527,24.01860352,1.607445008,4598.245,10642.39785,
1865965,29.32881632,0,10566.44605,23.46305306,1.663747811,4604.055,10670.69761,
1865965,28.63437274,0,10595.60241,22.90749819,1.724137931,4609.665,10698.30294,
1865965,27.93992841,0,10624.06432,22.35194273,1.789077213,4615.075,10725.21382,
1865965,27.24548398,0,10651.8318,21.79638718,1.896207585,4620.235,10751.43025,
1865965,26.55103954,0,10678.90483,21.24083163,2.016985138,4625.095,10776.95224,
1865965,25.8565951,0,10705.28341,20.68527608,2.154195011,4629.655,10801.77979,
1865965,25.16215065,0,10730.96755,20.12972052,2.311435523,4633.915,10825.91289,
1865965,24.46770621,0,10755.95725,19.57416497,2.49343832,4637.875,10849.35154,
1865965,23.77326176,0,10780.2525,19.01860941,2.706552707,4641.535,10872.09576,
1865965,23.07881732,0,10803.85331,18.46305386,2.959501558,4644.895,10894.02062,
1865965,22.38437287,0,10826.75967,17.9074983,3.264604811,4647.955,10914.93726,
1865965,21.41280918,0,10848.87191,17.13024734,3.784860558,4650.665,10934.81676,
1865965,20.38062992,0,10870.01746,16.30450394,4.502369668,4652.975,10953.65521,
1865965,19.34024724,0,10890.13734,15.47219779,5.555555556,4654.885,10971.45207,
1865965,18.29875434,0,10909.2185,14.63900347,7.251908397,4656.395,10988.20727,
1865965,17.25711119,0,10927.2585,13.80568895,8.558558559,4657.605,11003.92081,
1865965,16.2154477,0,10944.25692,12.97235816,8.558558559,4658.715,11018.59269,
1865965,15.17378147,0,10960.21368,12.13902518,8.558558559,4659.825,11032.09799,
1865965,14.13211486,0,10975.12878,11.30569189,8.558558559,4660.935,11044.24785,
1865965,12.81332895,0,10988.90253,10.25066316,8.558558559,4662.045,11055.01334,
1865965,11.43392747,0,11001.36238,9.147141976,8.558558559,4663.155,11064.39056,
1865965,10.04632256,0,11012.44932,8.037058048,8.558558559,4664.265,11072.37897,
1865965,8.65760744,0,11022.15033,6.926085952,8.558558559,4665.375,11078.97851,
1865965,7.268742068,0,11030.46296,5.814993654,8.558558559,4666.485,11084.18915,
1865965,5.879856362,0,11037.38678,4.70388509,8.558558559,4667.595,11088.01091,
1865965,4.490967904,0,11042.92173,3.592774323,8.558558559,4668.705,11090.44378,
1865965,3.102079074,0,11047.06778,2.481663259,8.558558559,4669.815,11091.48776,
1865965,1.713190193,0,11049.82495,1.370552154,8.558558559,4670.925,11091.64245,
1865965,0.324301305,0,11051.19324,0.259441044,8.558558559,4672.035,11091.66339,
1865965,0.043889419,0,11051.57136,0.035111535,8.558558559,4673.145,11091.66622,
1865965,0.005939788,0,11051.64954,0.00475183,8.558558559,4674.255,11091.66661,
1865965,8.04E-04,0,11051.66378,0.0006432,8.558558559,4675.365,11091.66666,
1865965,1.09E-04,0,11051.6662,0.0000872,8.558558559,4676.475,11091.66667,
1865965,1.47E-05,0,11051.66659,0.00001176,8.558558559,4677.585,11091.66667,
1865965,1.99E-06,0,11051.66666,0.000001592,8.558558559,4678.695,11091.66667,
1865965,2.70E-07,0,11051.66666,0.000000216,8.558558559,4679.805,11091.66667,
1865965,3.65E-08,0,11051.66667,2.92E-08,8.558558559,4680.915,11091.66667,
1865965,4.94E-09,0,11051.66667,3.952E-09,8.558558559,4682.025,11091.66667,
1865965,6.68E-10,0,11051.66667,5.344E-10,8.558558559,4683.135,11091.66667,
1865965,9.05E-11,0,11051.66667,7.24E-11,8.558558559,4684.245,11091.66667,
1865965,1.23E-11,0,11051.66667,9.84E-12,8.558558559,4685.355,11091.66667,
1865965,1.67E-12,0,11051.66667,1.336E-12,8.558558559,4686.465,11091.66667,
1865965,2.38E-13,0,11051.66667,1.904E-13,8.558558559,4687.575,11091.66667,
1865965,4.41E-14,0,11051.66667,3.528E-14,8.558558559,4688.685,11091.66667,
1865965,1.79E-14,0,11051.66667,1.432E-14,8.558558559,4689.795,11091.66667,